Workbook

Sheet IO_sub_model
E3: A | F3: A | G3: A | H3: B | I3: B | J3: B | K3: C | L3: C | M3: C
D4: Z | E4: Agr | F4: Ind | G4: Serv | H4: Agr | I4: Ind | J4: Serv | K4: Agr | L4: Ind | M4: Serv | N4: FD | O4: X | P4: AX | Q4: X
C5: A | D5: Agr | E5: 10 | F5: 5 | G5: 10 | H5: 1 | I5: 0 | J5: 8 | K5: 3 | L5: 7 | M5: 2 | N5: 25 | O5: =+SUM(E5:N5) -> 71 | P5: {=+MMULT(E21:M29,O5:O13)} -> 46 | Q5: =+P5+N5 -> 71 | R5: =+Q5=O5 -> TRUE
C6: A | D6: Ind | E6: 8 | F6: 3 | G6: 9 | H6: 4 | I6: 2 | J6: 10 | K6: 1 | L6: 4 | M6: 7 | N6: 7 | O6: =+SUM(E6:N6) -> 55 | P6: 48 | Q6: =+P6+N6 -> 55 | R6: =+Q6=O6 -> TRUE
C7: A | D7: Serv | E7: 0 | F7: 0 | G7: 0 | H7: 7 | I7: 4 | J7: 4 | K7: 7 | L7: 4 | M7: 7 | N7: 14 | O7: =+SUM(E7:N7) -> 47 | P7: 33 | Q7: =+P7+N7 -> 47 | R7: =+Q7=O7 -> TRUE
C8: B | D8: =+D5 -> Agr | E8: 9 | F8: 5 | G8: 4 | H8: 7 | I8: 10 | J8: 9 | K8: 10 | L8: 9 | M8: 9 | N8: 10 | O8: =+SUM(E8:N8) -> 82 | P8: 72 | Q8: =+P8+N8 -> 82 | R8: =+Q8=O8 -> TRUE
C9: B | D9: =+D6 -> Ind | E9: 4 | F9: 2 | G9: 3 | H9: 6 | I9: 7 | J9: 4 | K9: 9 | L9: 2 | M9: 8 | N9: 5 | O9: =+SUM(E9:N9) -> 50 | P9: 45 | Q9: =+P9+N9 -> 50 | R9: =+Q9=O9 -> TRUE
C10: B | D10: =+D7 -> Serv | E10: 6 | F10: 5 | G10: 4 | H10: 1 | I10: 9 | J10: 2 | K10: 1 | L10: 6 | M10: 1 | N10: 20 | O10: =+SUM(E10:N10) -> 55 | P10: 35 | Q10: =+P10+N10 -> 55 | R10: =+Q10=O10 -> TRUE
C11: C | D11: =+D8 -> Agr | E11: 3 | F11: 10 | G11: 8 | H11: 9 | I11: 10 | J11: 0 | K11: 7 | L11: 9 | M11: 8 | N11: 15 | O11: =+SUM(E11:N11) -> 79 | P11: 64 | Q11: =+P11+N11 -> 79 | R11: =+Q11=O11 -> TRUE
C12: C | D12: =+D9 -> Ind | E12: 1 | F12: 8 | G12: 0 | H12: 9 | I12: 0 | J12: 0 | K12: 8 | L12: 10 | M12: 1 | N12: 28 | O12: =+SUM(E12:N12) -> 65 | P12: 37 | Q12: =+P12+N12 -> 65 | R12: =+Q12=O12 -> TRUE
C13: C | D13: =+D10 -> Serv | E13: 10 | F13: 2 | G13: 4 | H13: 10 | I13: 0 | J13: 0 | K13: 3 | L13: 0 | M13: 7 | N13: 24 | O13: =+SUM(E13:N13) -> 60 | P13: 36 | Q13: =+P13+N13 -> 60 | R13: =+Q13=O13 -> TRUE
D14: VA | E14: 20 | F14: 15 | G14: 5 | H14: 28 | I14: 8 | J14: 18 | K14: 30 | L14: 14 | M14: 10 | N14: =+SUM(E5:M13) -> 416 | O14: =SUM(O5:O13) -> 564
D15: X | E15: =SUM(E5:E14) -> 71 | F15: =SUM(F5:F14) -> 55 | G15: =SUM(G5:G14) -> 47 | H15: =SUM(H5:H14) -> 82 | I15: =SUM(I5:I14) -> 50 | J15: =SUM(J5:J14) -> 55 | K15: =SUM(K5:K14) -> 79 | L15: =SUM(L5:L14) -> 65 | M15: =SUM(M5:M14) -> 60
E16: {=+TRANSPOSE(O5:O13)} -> 71 | F16: 55 | G16: 47 | H16: 82 | I16: 50 | J16: 55 | K16: 79 | L16: 65 | M16: 60
E17: =+E15-E16 -> 0 | F17: =+F15-F16 -> 0 | G17: =+G15-G16 -> 0 | H17: =+H15-H16 -> 0 | I17: =+I15-I16 -> 0 | J17: =+J15-J16 -> 0 | K17: =+K15-K16 -> 0 | L17: =+L15-L16 -> 0 | M17: =+M15-M16 -> 0
E19: A | F19: A | G19: A | H19: B | I19: B | J19: B | K19: C | L19: C | M19: C
D20: A | E20: Agr | F20: Ind | G20: Serv | H20: Agr | I20: Ind | J20: Serv | K20: Agr | L20: Ind | M20: Serv
C21: A | D21: Agr | E21: =+E5/E$15 -> 0.14084507 | F21: =+F5/F$15 -> 0.090909091 | G21: =+G5/G$15 -> 0.21276596 | H21: =+H5/H$15 -> 0.012195122 | I21: =+I5/I$15 -> 0 | J21: =+J5/J$15 -> 0.14545455 | K21: =+K5/K$15 -> 0.037974684 | L21: =+L5/L$15 -> 0.10769231 | M21: =+M5/M$15 -> 0.033333333
C22: A | D22: Ind | E22: =+E6/E$15 -> 0.11267606 | F22: =+F6/F$15 -> 0.054545455 | G22: =+G6/G$15 -> 0.19148936 | H22: =+H6/H$15 -> 0.048780488 | I22: =+I6/I$15 -> 0.04 | J22: =+J6/J$15 -> 0.18181818 | K22: =+K6/K$15 -> 0.012658228 | L22: =+L6/L$15 -> 0.061538462 | M22: =+M6/M$15 -> 0.11666667
C23: A | D23: Serv | E23: =+E7/E$15 -> 0 | F23: =+F7/F$15 -> 0 | G23: =+G7/G$15 -> 0 | H23: =+H7/H$15 -> 0.085365854 | I23: =+I7/I$15 -> 0.08 | J23: =+J7/J$15 -> 0.072727273 | K23: =+K7/K$15 -> 0.088607595 | L23: =+L7/L$15 -> 0.061538462 | M23: =+M7/M$15 -> 0.11666667
C24: B | D24: =+D21 -> Agr | E24: =+E8/E$15 -> 0.12676056 | F24: =+F8/F$15 -> 0.090909091 | G24: =+G8/G$15 -> 0.085106383 | H24: =+H8/H$15 -> 0.085365854 | I24: =+I8/I$15 -> 0.2 | J24: =+J8/J$15 -> 0.16363636 | K24: =+K8/K$15 -> 0.12658228 | L24: =+L8/L$15 -> 0.13846154 | M24: =+M8/M$15 -> 0.15
C25: B | D25: =+D22 -> Ind | E25: =+E9/E$15 -> 0.056338028 | F25: =+F9/F$15 -> 0.036363636 | G25: =+G9/G$15 -> 0.063829787 | H25: =+H9/H$15 -> 0.073170732 | I25: =+I9/I$15 -> 0.14 | J25: =+J9/J$15 -> 0.072727273 | K25: =+K9/K$15 -> 0.11392405 | L25: =+L9/L$15 -> 0.030769231 | M25: =+M9/M$15 -> 0.13333333
C26: B | D26: =+D23 -> Serv | E26: =+E10/E$15 -> 0.084507042 | F26: =+F10/F$15 -> 0.090909091 | G26: =+G10/G$15 -> 0.085106383 | H26: =+H10/H$15 -> 0.012195122 | I26: =+I10/I$15 -> 0.18 | J26: =+J10/J$15 -> 0.036363636 | K26: =+K10/K$15 -> 0.012658228 | L26: =+L10/L$15 -> 0.092307692 | M26: =+M10/M$15 -> 0.016666667
C27: C | D27: =+D24 -> Agr | E27: =+E11/E$15 -> 0.042253521 | F27: =+F11/F$15 -> 0.18181818 | G27: =+G11/G$15 -> 0.17021277 | H27: =+H11/H$15 -> 0.1097561 | I27: =+I11/I$15 -> 0.2 | J27: =+J11/J$15 -> 0 | K27: =+K11/K$15 -> 0.088607595 | L27: =+L11/L$15 -> 0.13846154 | M27: =+M11/M$15 -> 0.13333333
C28: C | D28: =+D25 -> Ind | E28: =+E12/E$15 -> 0.014084507 | F28: =+F12/F$15 -> 0.14545455 | G28: =+G12/G$15 -> 0 | H28: =+H12/H$15 -> 0.1097561 | I28: =+I12/I$15 -> 0 | J28: =+J12/J$15 -> 0 | K28: =+K12/K$15 -> 0.10126582 | L28: =+L12/L$15 -> 0.15384615 | M28: =+M12/M$15 -> 0.016666667
C29: C | D29: =+D26 -> Serv | E29: =+E13/E$15 -> 0.14084507 | F29: =+F13/F$15 -> 0.036363636 | G29: =+G13/G$15 -> 0.085106383 | H29: =+H13/H$15 -> 0.12195122 | I29: =+I13/I$15 -> 0 | J29: =+J13/J$15 -> 0 | K29: =+K13/K$15 -> 0.037974684 | L29: =+L13/L$15 -> 0 | M29: =+M13/M$15 -> 0.11666667
D30: VA | E30: =+E14/E$15 -> 0.28169014 | F30: =+F14/F$15 -> 0.27272727 | G30: =+G14/G$15 -> 0.10638298 | H30: =+H14/H$15 -> 0.34146341 | I30: =+I14/I$15 -> 0.16 | J30: =+J14/J$15 -> 0.32727273 | K30: =+K14/K$15 -> 0.37974684 | L30: =+L14/L$15 -> 0.21538462 | M30: =+M14/M$15 -> 0.16666667
D31: X | E31: =SUM(E21:E30) -> 1 | F31: =SUM(F21:F30) -> 1 | G31: =SUM(G21:G30) -> 1 | H31: =SUM(H21:H30) -> 1 | I31: =SUM(I21:I30) -> 1 | J31: =SUM(J21:J30) -> 1 | K31: =SUM(K21:K30) -> 1 | L31: =SUM(L21:L30) -> 1 | M31: =SUM(M21:M30) -> 1
E34: A | F34: A | G34: A | H34: B | I34: B | J34: B | K34: C | L34: C | M34: C
D35: L | E35: Agr | F35: Ind | G35: Serv | H35: Agr | I35: Ind | J35: Serv | K35: Agr | L35: Ind | M35: Serv
C36: A | D36: Agr | E36: {=+MINVERSE(_xlfn.MUNIT(COUNTA($D$36:$D$44))-E21:M29)} -> 1.3396898 | F36: 0.29313766 | G36: 0.46062081 | H36: 0.20047115 | I36: 0.22471967 | J36: 0.3432924 | K36: 0.21398444 | L36: 0.33876648 | M36: 0.26323813 | N36: {=+MMULT(_xlfn.ANCHORARRAY(E36),N5:N13)} -> 71
C37: A | D37: Ind | E37: 0.33305376 | F37: 1.2588963 | G37: 0.44906572 | H37: 0.24914152 | I37: 0.28508256 | J37: 0.38551433 | K37: 0.19834507 | L37: 0.2922519 | M37: 0.36621325 | N37: 55
C38: A | D38: Serv | E38: 0.16096426 | F38: 0.16098913 | G38: 1.1866305 | H38: 0.2426696 | I38: 0.27162889 | J38: 0.20593716 | K38: 0.23314113 | L38: 0.22869829 | M38: 0.30966204 | N38: 47
C39: B | D39: =+D36 -> Agr | E39: 0.4694894 | F39: 0.42979984 | G39: 0.50026322 | H39: 1.4082652 | I39: 0.59296552 | J39: 0.47360784 | K39: 0.42917418 | L39: 0.50129475 | M39: 0.55237411 | N39: 82
C40: B | D40: =+D37 -> Ind | E40: 0.27827723 | F40: 0.24820394 | G40: 0.33029476 | H40: 0.284956 | I40: 1.3995953 | J40: 0.26778154 | K40: 0.31054186 | L40: 0.25504175 | M40: 0.40329378 | N40: 50
C41: B | D41: =+D38 -> Serv | E41: 0.24935171 | F41: 0.25257975 | G41: 0.28900631 | H41: 0.17116188 | I41: 0.36899675 | J41: 1.2017562 | K41: 0.16782505 | L41: 0.27111308 | M41: 0.21882465 | N41: 55
C42: C | D42: =+D39 -> Agr | E42: 0.35214837 | F42: 0.4808315 | G42: 0.54248305 | H42: 0.42036737 | I42: 0.55309703 | J42: 0.29794582 | K42: 1.3766391 | L42: 0.46591317 | M42: 0.52551987 | N42: 79
C43: C | D43: =+D40 -> Ind | E43: 0.1889523 | F43: 0.33840247 | G43: 0.22055756 | H43: 0.28461936 | I43: 0.19938771 | J43: 0.1723962 | K43: 0.26168767 | L43: 1.3619713 | M43: 0.22783339 | N43: 65
C44: C | D44: =+D41 -> Serv | E44: 0.32278456 | F44: 0.19408334 | G44: 0.29864604 | H44: 0.27809522 | I44: 0.17937872 | J44: 0.16864275 | K44: 0.18317972 | L44: 0.17731814 | M44: 1.3178106 | N44: 60
C46: Demand shock | E46: d_shock | F46: 1-d_shock | G46: FD | H46: fd_max | J46: Supply shock | L46: p_shock | M46: 1-p_shock | N46: X | O46: x_max
C47: A | D47: Agr | E47: 0 | F47: =1-E47 -> 1 | G47: {=+N5:N13} -> 25 | H47: =+G47*F47 -> 25 | J47: A | K47: Agr | L47: 0.2 | M47: =1-L47 -> 0.8 | N47: {=+O5:O13} -> 71 | O47: =+N47*M47 -> 56.8
C48: A | D48: Ind | E48: 0 | F48: =1-E48 -> 1 | G48: 7 | H48: =+G48*F48 -> 7 | J48: A | K48: Ind | L48: 0 | M48: =1-L48 -> 1 | N48: 55 | O48: =+N48*M48 -> 55
C49: A | D49: Serv | E49: 0 | F49: =1-E49 -> 1 | G49: 14 | H49: =+G49*F49 -> 14 | J49: A | K49: Serv | L49: 0 | M49: =1-L49 -> 1 | N49: 47 | O49: =+N49*M49 -> 47
C50: B | D50: =+D47 -> Agr | E50: 0 | F50: =1-E50 -> 1 | G50: 10 | H50: =+G50*F50 -> 10 | J50: B | K50: =+K47 -> Agr | L50: 0 | M50: =1-L50 -> 1 | N50: 82 | O50: =+N50*M50 -> 82
C51: B | D51: =+D48 -> Ind | E51: 0 | F51: =1-E51 -> 1 | G51: 5 | H51: =+G51*F51 -> 5 | J51: B | K51: =+K48 -> Ind | L51: 0 | M51: =1-L51 -> 1 | N51: 50 | O51: =+N51*M51 -> 50
C52: B | D52: =+D49 -> Serv | E52: 0 | F52: =1-E52 -> 1 | G52: 20 | H52: =+G52*F52 -> 20 | J52: B | K52: =+K49 -> Serv | L52: 0 | M52: =1-L52 -> 1 | N52: 55 | O52: =+N52*M52 -> 55
C53: C | D53: =+D50 -> Agr | E53: 0 | F53: =1-E53 -> 1 | G53: 15 | H53: =+G53*F53 -> 15 | J53: C | K53: =+K50 -> Agr | L53: 0 | M53: =1-L53 -> 1 | N53: 79 | O53: =+N53*M53 -> 79
C54: C | D54: =+D51 -> Ind | E54: 0 | F54: =1-E54 -> 1 | G54: 28 | H54: =+G54*F54 -> 28 | J54: C | K54: =+K51 -> Ind | L54: 0 | M54: =1-L54 -> 1 | N54: 65 | O54: =+N54*M54 -> 65
C55: C | D55: =+D52 -> Serv | E55: 0 | F55: =1-E55 -> 1 | G55: 24 | H55: =+G55*F55 -> 24 | J55: C | K55: =+K52 -> Serv | L55: 0 | M55: =1-L55 -> 1 | N55: 60 | O55: =+N55*M55 -> 60
G56: =SUM(G47:G55) -> 148 | H56: =SUM(H47:H55) -> 148 | N56: =SUM(N47:N55) -> 564 | O56: =SUM(O47:O55) -> 549.8 | P56: =+O56/N56-1 -> -0.025177305
H57: =+H56-G56 -> 0 | O57: =+O56-N56 -> -14.2
A59: Step 1-2 | E59: x_md | F59: {=+O46:O55} -> x_max | G59: r
C60: A | D60: Agr | E60: {=+MMULT(_xlfn.ANCHORARRAY(E36),H47:H55)} -> 71 | F60: 56.8 | G60: =+MIN(F60/E60,1) -> 0.8
C61: A | D61: Ind | E61: 55 | F61: 55 | G61: =+MIN(F61/E61,1) -> 1
C62: A | D62: Serv | E62: 47 | F62: 47 | G62: =+MIN(F62/E62,1) -> 1
C63: B | D63: =+D60 -> Agr | E63: 82 | F63: 82 | G63: =+MIN(F63/E63,1) -> 1
C64: B | D64: =+D61 -> Ind | E64: 50 | F64: 50 | G64: =+MIN(F64/E64,1) -> 1
C65: B | D65: =+D62 -> Serv | E65: 55 | F65: 55 | G65: =+MIN(F65/E65,1) -> 1
C66: C | D66: =+D63 -> Agr | E66: 79 | F66: 79 | G66: =+MIN(F66/E66,1) -> 1
C67: C | D67: =+D64 -> Ind | E67: 65 | F67: 65 | G67: =+MIN(F67/E67,1) -> 1
C68: C | D68: =+D65 -> Serv | E68: 60 | F68: 60 | G68: =+MIN(F68/E68,1) -> 1
A70: Step 3 | E70: A | F70: A | G70: A | H70: B | I70: B | J70: B | K70: C | L70: C | M70: C
E71: Agr | F71: Ind | G71: Serv | H71: Agr | I71: Ind | J71: Serv | K71: Agr | L71: Ind | M71: Serv
C72: bottlneck | D72: s | E72: {=+MIN(_xlfn._xlws.FILTER($G$60:$G$68,E21:E29>0))} -> 0.8 | F72: {=+MIN(_xlfn._xlws.FILTER($G$60:$G$68,F21:F29>0))} -> 0.8 | G72: {=+MIN(_xlfn._xlws.FILTER($G$60:$G$68,G21:G29>0))} -> 0.8 | H72: {=+MIN(_xlfn._xlws.FILTER($G$60:$G$68,H21:H29>0))} -> 0.8 | I72: {=+MIN(_xlfn._xlws.FILTER($G$60:$G$68,I21:I29>0))} -> 1 | J72: {=+MIN(_xlfn._xlws.FILTER($G$60:$G$68,J21:J29>0))} -> 0.8 | K72: {=+MIN(_xlfn._xlws.FILTER($G$60:$G$68,K21:K29>0))} -> 0.8 | L72: {=+MIN(_xlfn._xlws.FILTER($G$60:$G$68,L21:L29>0))} -> 0.8 | M72: {=+MIN(_xlfn._xlws.FILTER($G$60:$G$68,M21:M29>0))} -> 0.8
C73: supply | D73: 1-p_shock | E73: {=+TRANSPOSE(M47:M55)} -> 0.8 | F73: 1 | G73: 1 | H73: 1 | I73: 1 | J73: 1 | K73: 1 | L73: 1 | M73: 1
D74: constraint | E74: =+MIN(E72:E73) -> 0.8 | F74: =+MIN(F72:F73) -> 0.8 | G74: =+MIN(G72:G73) -> 0.8 | H74: =+MIN(H72:H73) -> 0.8 | I74: =+MIN(I72:I73) -> 1 | J74: =+MIN(J72:J73) -> 0.8 | K74: =+MIN(K72:K73) -> 0.8 | L74: =+MIN(L72:L73) -> 0.8 | M74: =+MIN(M72:M73) -> 0.8
A76: Step 4 | E76: A | F76: A | G76: A | H76: B | I76: B | J76: B | K76: C | L76: C | M76: C
D77: Z_cons | E77: Agr | F77: Ind | G77: Serv | H77: Agr | I77: Ind | J77: Serv | K77: Agr | L77: Ind | M77: Serv
B78: {=+TRANSPOSE(E74:M74)} -> 0.8 | C78: A | D78: Agr | E78: =+E5*$B78 -> 8 | F78: =+F5*$B78 -> 4 | G78: =+G5*$B78 -> 8 | H78: =+H5*$B78 -> 0.8 | I78: =+I5*$B78 -> 0 | J78: =+J5*$B78 -> 6.4 | K78: =+K5*$B78 -> 2.4 | L78: =+L5*$B78 -> 5.6 | M78: =+M5*$B78 -> 1.6
B79: 0.8 | C79: A | D79: Ind | E79: =+E6*$B79 -> 6.4 | F79: =+F6*$B79 -> 2.4 | G79: =+G6*$B79 -> 7.2 | H79: =+H6*$B79 -> 3.2 | I79: =+I6*$B79 -> 1.6 | J79: =+J6*$B79 -> 8 | K79: =+K6*$B79 -> 0.8 | L79: =+L6*$B79 -> 3.2 | M79: =+M6*$B79 -> 5.6
B80: 0.8 | C80: A | D80: Serv | E80: =+E7*$B80 -> 0 | F80: =+F7*$B80 -> 0 | G80: =+G7*$B80 -> 0 | H80: =+H7*$B80 -> 5.6 | I80: =+I7*$B80 -> 3.2 | J80: =+J7*$B80 -> 3.2 | K80: =+K7*$B80 -> 5.6 | L80: =+L7*$B80 -> 3.2 | M80: =+M7*$B80 -> 5.6
B81: 0.8 | C81: B | D81: =+D78 -> Agr | E81: =+E8*$B81 -> 7.2 | F81: =+F8*$B81 -> 4 | G81: =+G8*$B81 -> 3.2 | H81: =+H8*$B81 -> 5.6 | I81: =+I8*$B81 -> 8 | J81: =+J8*$B81 -> 7.2 | K81: =+K8*$B81 -> 8 | L81: =+L8*$B81 -> 7.2 | M81: =+M8*$B81 -> 7.2
B82: 1 | C82: B | D82: =+D79 -> Ind | E82: =+E9*$B82 -> 4 | F82: =+F9*$B82 -> 2 | G82: =+G9*$B82 -> 3 | H82: =+H9*$B82 -> 6 | I82: =+I9*$B82 -> 7 | J82: =+J9*$B82 -> 4 | K82: =+K9*$B82 -> 9 | L82: =+L9*$B82 -> 2 | M82: =+M9*$B82 -> 8
B83: 0.8 | C83: B | D83: =+D80 -> Serv | E83: =+E10*$B83 -> 4.8 | F83: =+F10*$B83 -> 4 | G83: =+G10*$B83 -> 3.2 | H83: =+H10*$B83 -> 0.8 | I83: =+I10*$B83 -> 7.2 | J83: =+J10*$B83 -> 1.6 | K83: =+K10*$B83 -> 0.8 | L83: =+L10*$B83 -> 4.8 | M83: =+M10*$B83 -> 0.8
B84: 0.8 | C84: C | D84: =+D81 -> Agr | E84: =+E11*$B84 -> 2.4 | F84: =+F11*$B84 -> 8 | G84: =+G11*$B84 -> 6.4 | H84: =+H11*$B84 -> 7.2 | I84: =+I11*$B84 -> 8 | J84: =+J11*$B84 -> 0 | K84: =+K11*$B84 -> 5.6 | L84: =+L11*$B84 -> 7.2 | M84: =+M11*$B84 -> 6.4
B85: 0.8 | C85: C | D85: =+D82 -> Ind | E85: =+E12*$B85 -> 0.8 | F85: =+F12*$B85 -> 6.4 | G85: =+G12*$B85 -> 0 | H85: =+H12*$B85 -> 7.2 | I85: =+I12*$B85 -> 0 | J85: =+J12*$B85 -> 0 | K85: =+K12*$B85 -> 6.4 | L85: =+L12*$B85 -> 8 | M85: =+M12*$B85 -> 0.8
B86: 0.8 | C86: C | D86: =+D83 -> Serv | E86: =+E13*$B86 -> 8 | F86: =+F13*$B86 -> 1.6 | G86: =+G13*$B86 -> 3.2 | H86: =+H13*$B86 -> 8 | I86: =+I13*$B86 -> 0 | J86: =+J13*$B86 -> 0 | K86: =+K13*$B86 -> 2.4 | L86: =+L13*$B86 -> 0 | M86: =+M13*$B86 -> 5.6
N87: =+SUM(E78:M86) -> 341.8 | O87: =+N87/N14-1 -> -0.17836538
D88: {=+TRANSPOSE(E59:F68)} -> x_md | E88: 71 | F88: 55 | G88: 47 | H88: 82 | I88: 50 | J88: 55 | K88: 79 | L88: 65 | M88: 60 | O88: =+SUM(E88:M88) -> 564
D89: x_max | E89: 56.8 | F89: 55 | G89: 47 | H89: 82 | I89: 50 | J89: 55 | K89: 79 | L89: 65 | M89: 60
D90: x_tilde | E90: =+MIN(E88:E89) -> 56.8 | F90: =+MIN(F88:F89) -> 55 | G90: =+MIN(G88:G89) -> 47 | H90: =+MIN(H88:H89) -> 82 | I90: =+MIN(I88:I89) -> 50 | J90: =+MIN(J88:J89) -> 55 | K90: =+MIN(K88:K89) -> 79 | L90: =+MIN(L88:L89) -> 65 | M90: =+MIN(M88:M89) -> 60 | N90: =+SUM(E90:M90) -> 549.8
A92: Step 5 | E92: A | F92: A | G92: A | H92: B | I92: B | J92: B | K92: C | L92: C | M92: C
C93: Only demand and supply constraints apply, no bottlenecks | D93: Z_need | E93: Agr | F93: Ind | G93: Serv | H93: Agr | I93: Ind | J93: Serv | K93: Agr | L93: Ind | M93: Serv
C94: A | D94: Agr | E94: =+E21*E$88 -> 10 | F94: =+F21*F$88 -> 5 | G94: =+G21*G$88 -> 10 | H94: =+H21*H$88 -> 1 | I94: =+I21*I$88 -> 0 | J94: =+J21*J$88 -> 8 | K94: =+K21*K$88 -> 3 | L94: =+L21*L$88 -> 7 | M94: =+M21*M$88 -> 2
C95: A | D95: Ind | E95: =+E22*E$88 -> 8 | F95: =+F22*F$88 -> 3 | G95: =+G22*G$88 -> 9 | H95: =+H22*H$88 -> 4 | I95: =+I22*I$88 -> 2 | J95: =+J22*J$88 -> 10 | K95: =+K22*K$88 -> 1 | L95: =+L22*L$88 -> 4 | M95: =+M22*M$88 -> 7
C96: A | D96: Serv | E96: =+E23*E$88 -> 0 | F96: =+F23*F$88 -> 0 | G96: =+G23*G$88 -> 0 | H96: =+H23*H$88 -> 7 | I96: =+I23*I$88 -> 4 | J96: =+J23*J$88 -> 4 | K96: =+K23*K$88 -> 7 | L96: =+L23*L$88 -> 4 | M96: =+M23*M$88 -> 7
C97: B | D97: =+D94 -> Agr | E97: =+E24*E$88 -> 9 | F97: =+F24*F$88 -> 5 | G97: =+G24*G$88 -> 4 | H97: =+H24*H$88 -> 7 | I97: =+I24*I$88 -> 10 | J97: =+J24*J$88 -> 9 | K97: =+K24*K$88 -> 10 | L97: =+L24*L$88 -> 9 | M97: =+M24*M$88 -> 9
C98: B | D98: =+D95 -> Ind | E98: =+E25*E$88 -> 4 | F98: =+F25*F$88 -> 2 | G98: =+G25*G$88 -> 3 | H98: =+H25*H$88 -> 6 | I98: =+I25*I$88 -> 7 | J98: =+J25*J$88 -> 4 | K98: =+K25*K$88 -> 9 | L98: =+L25*L$88 -> 2 | M98: =+M25*M$88 -> 8
C99: B | D99: =+D96 -> Serv | E99: =+E26*E$88 -> 6 | F99: =+F26*F$88 -> 5 | G99: =+G26*G$88 -> 4 | H99: =+H26*H$88 -> 1 | I99: =+I26*I$88 -> 9 | J99: =+J26*J$88 -> 2 | K99: =+K26*K$88 -> 1 | L99: =+L26*L$88 -> 6 | M99: =+M26*M$88 -> 1
C100: C | D100: =+D97 -> Agr | E100: =+E27*E$88 -> 3 | F100: =+F27*F$88 -> 10 | G100: =+G27*G$88 -> 8 | H100: =+H27*H$88 -> 9 | I100: =+I27*I$88 -> 10 | J100: =+J27*J$88 -> 0 | K100: =+K27*K$88 -> 7 | L100: =+L27*L$88 -> 9 | M100: =+M27*M$88 -> 8
C101: C | D101: =+D98 -> Ind | E101: =+E28*E$88 -> 1 | F101: =+F28*F$88 -> 8 | G101: =+G28*G$88 -> 0 | H101: =+H28*H$88 -> 9 | I101: =+I28*I$88 -> 0 | J101: =+J28*J$88 -> 0 | K101: =+K28*K$88 -> 8 | L101: =+L28*L$88 -> 10 | M101: =+M28*M$88 -> 1
C102: C | D102: =+D99 -> Serv | E102: =+E29*E$88 -> 10 | F102: =+F29*F$88 -> 2 | G102: =+G29*G$88 -> 4 | H102: =+H29*H$88 -> 10 | I102: =+I29*I$88 -> 0 | J102: =+J29*J$88 -> 0 | K102: =+K29*K$88 -> 3 | L102: =+L29*L$88 -> 0 | M102: =+M29*M$88 -> 7
N103: =+SUM(E94:M102) -> 416
E104: A | F104: A | G104: A | H104: B | I104: B | J104: B | K104: C | L104: C | M104: C
D105: exD | E105: Agr | F105: Ind | G105: Serv | H105: Agr | I105: Ind | J105: Serv | K105: Agr | L105: Ind | M105: Serv
C106: A | D106: Agr | E106: =+MAX(E94-E78,0) -> 2 | F106: =+MAX(F94-F78,0) -> 1 | G106: =+MAX(G94-G78,0) -> 2 | H106: =+MAX(H94-H78,0) -> 0.2 | I106: =+MAX(I94-I78,0) -> 0 | J106: =+MAX(J94-J78,0) -> 1.6 | K106: =+MAX(K94-K78,0) -> 0.6 | L106: =+MAX(L94-L78,0) -> 1.4 | M106: =+MAX(M94-M78,0) -> 0.4 | N106: =+SUM(E106:M106) -> 9.2
C107: A | D107: Ind | E107: =+MAX(E95-E79,0) -> 1.6 | F107: =+MAX(F95-F79,0) -> 0.6 | G107: =+MAX(G95-G79,0) -> 1.8 | H107: =+MAX(H95-H79,0) -> 0.8 | I107: =+MAX(I95-I79,0) -> 0.4 | J107: =+MAX(J95-J79,0) -> 2 | K107: =+MAX(K95-K79,0) -> 0.2 | L107: =+MAX(L95-L79,0) -> 0.8 | M107: =+MAX(M95-M79,0) -> 1.4 | N107: =+SUM(E107:M107) -> 9.6
C108: A | D108: Serv | E108: =+MAX(E96-E80,0) -> 0 | F108: =+MAX(F96-F80,0) -> 0 | G108: =+MAX(G96-G80,0) -> 0 | H108: =+MAX(H96-H80,0) -> 1.4 | I108: =+MAX(I96-I80,0) -> 0.8 | J108: =+MAX(J96-J80,0) -> 0.8 | K108: =+MAX(K96-K80,0) -> 1.4 | L108: =+MAX(L96-L80,0) -> 0.8 | M108: =+MAX(M96-M80,0) -> 1.4 | N108: =+SUM(E108:M108) -> 6.6
C109: B | D109: =+D106 -> Agr | E109: =+MAX(E97-E81,0) -> 1.8 | F109: =+MAX(F97-F81,0) -> 1 | G109: =+MAX(G97-G81,0) -> 0.8 | H109: =+MAX(H97-H81,0) -> 1.4 | I109: =+MAX(I97-I81,0) -> 2 | J109: =+MAX(J97-J81,0) -> 1.8 | K109: =+MAX(K97-K81,0) -> 2 | L109: =+MAX(L97-L81,0) -> 1.8 | M109: =+MAX(M97-M81,0) -> 1.8 | N109: =+SUM(E109:M109) -> 14.4
C110: B | D110: =+D107 -> Ind | E110: =+MAX(E98-E82,0) -> 1.3322676e-15 | F110: =+MAX(F98-F82,0) -> 6.6613381e-16 | G110: =+MAX(G98-G82,0) -> 1.7763568e-15 | H110: =+MAX(H98-H82,0) -> 1.7763568e-15 | I110: =+MAX(I98-I82,0) -> 3.5527137e-15 | J110: =+MAX(J98-J82,0) -> 1.3322676e-15 | K110: =+MAX(K98-K82,0) -> 5.3290705e-15 | L110: =+MAX(L98-L82,0) -> 6.6613381e-16 | M110: =+MAX(M98-M82,0) -> 6.2172489e-15 | N110: =+SUM(E110:M110) -> 2.264855e-14
...

Sheet IO_sub_model - t+1
E3: A | F3: A | G3: A | H3: B | I3: B | J3: B | K3: C | L3: C | M3: C
D4: Z | E4: Agr | F4: Ind | G4: Serv | H4: Agr | I4: Ind | J4: Serv | K4: Agr | L4: Ind | M4: Serv | N4: FD | O4: X | P4: AX | Q4: X
C5: A | D5: Agr | E5: 10 | F5: 5 | G5: 10 | H5: 1 | I5: 0 | J5: 8 | K5: 3 | L5: 7 | M5: 2 | N5: 25 | O5: =+SUM(E5:N5) -> 71 | P5: {=+MMULT(E21:M29,O5:O13)} -> 46 | Q5: =+P5+N5 -> 71 | R5: =+Q5=O5 -> TRUE
C6: A | D6: Ind | E6: 8 | F6: 3 | G6: 9 | H6: 4 | I6: 2 | J6: 10 | K6: 1 | L6: 4 | M6: 7 | N6: 7 | O6: =+SUM(E6:N6) -> 55 | P6: 48 | Q6: =+P6+N6 -> 55 | R6: =+Q6=O6 -> TRUE
C7: A | D7: Serv | E7: 0 | F7: 0 | G7: 0 | H7: 7 | I7: 4 | J7: 4 | K7: 7 | L7: 4 | M7: 7 | N7: 14 | O7: =+SUM(E7:N7) -> 47 | P7: 33 | Q7: =+P7+N7 -> 47 | R7: =+Q7=O7 -> TRUE
C8: B | D8: =+D5 -> Agr | E8: 9 | F8: 5 | G8: 4 | H8: 7 | I8: 10 | J8: 9 | K8: 10 | L8: 9 | M8: 9 | N8: 10 | O8: =+SUM(E8:N8) -> 82 | P8: 72 | Q8: =+P8+N8 -> 82 | R8: =+Q8=O8 -> TRUE
C9: B | D9: =+D6 -> Ind | E9: 4 | F9: 2 | G9: 3 | H9: 6 | I9: 7 | J9: 4 | K9: 9 | L9: 2 | M9: 8 | N9: 5 | O9: =+SUM(E9:N9) -> 50 | P9: 45 | Q9: =+P9+N9 -> 50 | R9: =+Q9=O9 -> TRUE
C10: B | D10: =+D7 -> Serv | E10: 6 | F10: 5 | G10: 4 | H10: 1 | I10: 9 | J10: 2 | K10: 1 | L10: 6 | M10: 1 | N10: 20 | O10: =+SUM(E10:N10) -> 55 | P10: 35 | Q10: =+P10+N10 -> 55 | R10: =+Q10=O10 -> TRUE
C11: C | D11: =+D8 -> Agr | E11: 3 | F11: 10 | G11: 8 | H11: 9 | I11: 10 | J11: 0 | K11: 7 | L11: 9 | M11: 8 | N11: 15 | O11: =+SUM(E11:N11) -> 79 | P11: 64 | Q11: =+P11+N11 -> 79 | R11: =+Q11=O11 -> TRUE
C12: C | D12: =+D9 -> Ind | E12: 1 | F12: 8 | G12: 0 | H12: 9 | I12: 0 | J12: 0 | K12: 8 | L12: 10 | M12: 1 | N12: 28 | O12: =+SUM(E12:N12) -> 65 | P12: 37 | Q12: =+P12+N12 -> 65 | R12: =+Q12=O12 -> TRUE
C13: C | D13: =+D10 -> Serv | E13: 10 | F13: 2 | G13: 4 | H13: 10 | I13: 0 | J13: 0 | K13: 3 | L13: 0 | M13: 7 | N13: 24 | O13: =+SUM(E13:N13) -> 60 | P13: 36 | Q13: =+P13+N13 -> 60 | R13: =+Q13=O13 -> TRUE
D14: VA | E14: 20 | F14: 15 | G14: 5 | H14: 28 | I14: 8 | J14: 18 | K14: 30 | L14: 14 | M14: 10 | N14: =+SUM(E5:M13) -> 416 | O14: =SUM(O5:O13) -> 564
D15: X | E15: =SUM(E5:E14) -> 71 | F15: =SUM(F5:F14) -> 55 | G15: =SUM(G5:G14) -> 47 | H15: =SUM(H5:H14) -> 82 | I15: =SUM(I5:I14) -> 50 | J15: =SUM(J5:J14) -> 55 | K15: =SUM(K5:K14) -> 79 | L15: =SUM(L5:L14) -> 65 | M15: =SUM(M5:M14) -> 60
E16: {=+TRANSPOSE(O5:O13)} -> 71 | F16: 55 | G16: 47 | H16: 82 | I16: 50 | J16: 55 | K16: 79 | L16: 65 | M16: 60
E17: =+E15-E16 -> 0 | F17: =+F15-F16 -> 0 | G17: =+G15-G16 -> 0 | H17: =+H15-H16 -> 0 | I17: =+I15-I16 -> 0 | J17: =+J15-J16 -> 0 | K17: =+K15-K16 -> 0 | L17: =+L15-L16 -> 0 | M17: =+M15-M16 -> 0
E19: A | F19: A | G19: A | H19: B | I19: B | J19: B | K19: C | L19: C | M19: C
D20: A | E20: Agr | F20: Ind | G20: Serv | H20: Agr | I20: Ind | J20: Serv | K20: Agr | L20: Ind | M20: Serv
C21: A | D21: Agr | E21: =+E5/E$15 -> 0.14084507 | F21: =+F5/F$15 -> 0.090909091 | G21: =+G5/G$15 -> 0.21276596 | H21: =+H5/H$15 -> 0.012195122 | I21: =+I5/I$15 -> 0 | J21: =+J5/J$15 -> 0.14545455 | K21: =+K5/K$15 -> 0.037974684 | L21: =+L5/L$15 -> 0.10769231 | M21: =+M5/M$15 -> 0.033333333
C22: A | D22: Ind | E22: =+E6/E$15 -> 0.11267606 | F22: =+F6/F$15 -> 0.054545455 | G22: =+G6/G$15 -> 0.19148936 | H22: =+H6/H$15 -> 0.048780488 | I22: =+I6/I$15 -> 0.04 | J22: =+J6/J$15 -> 0.18181818 | K22: =+K6/K$15 -> 0.012658228 | L22: =+L6/L$15 -> 0.061538462 | M22: =+M6/M$15 -> 0.11666667
C23: A | D23: Serv | E23: =+E7/E$15 -> 0 | F23: =+F7/F$15 -> 0 | G23: =+G7/G$15 -> 0 | H23: =+H7/H$15 -> 0.085365854 | I23: =+I7/I$15 -> 0.08 | J23: =+J7/J$15 -> 0.072727273 | K23: =+K7/K$15 -> 0.088607595 | L23: =+L7/L$15 -> 0.061538462 | M23: =+M7/M$15 -> 0.11666667
C24: B | D24: =+D21 -> Agr | E24: =+E8/E$15 -> 0.12676056 | F24: =+F8/F$15 -> 0.090909091 | G24: =+G8/G$15 -> 0.085106383 | H24: =+H8/H$15 -> 0.085365854 | I24: =+I8/I$15 -> 0.2 | J24: =+J8/J$15 -> 0.16363636 | K24: =+K8/K$15 -> 0.12658228 | L24: =+L8/L$15 -> 0.13846154 | M24: =+M8/M$15 -> 0.15
C25: B | D25: =+D22 -> Ind | E25: =+E9/E$15 -> 0.056338028 | F25: =+F9/F$15 -> 0.036363636 | G25: =+G9/G$15 -> 0.063829787 | H25: =+H9/H$15 -> 0.073170732 | I25: =+I9/I$15 -> 0.14 | J25: =+J9/J$15 -> 0.072727273 | K25: =+K9/K$15 -> 0.11392405 | L25: =+L9/L$15 -> 0.030769231 | M25: =+M9/M$15 -> 0.13333333
C26: B | D26: =+D23 -> Serv | E26: =+E10/E$15 -> 0.084507042 | F26: =+F10/F$15 -> 0.090909091 | G26: =+G10/G$15 -> 0.085106383 | H26: =+H10/H$15 -> 0.012195122 | I26: =+I10/I$15 -> 0.18 | J26: =+J10/J$15 -> 0.036363636 | K26: =+K10/K$15 -> 0.012658228 | L26: =+L10/L$15 -> 0.092307692 | M26: =+M10/M$15 -> 0.016666667
C27: C | D27: =+D24 -> Agr | E27: =+E11/E$15 -> 0.042253521 | F27: =+F11/F$15 -> 0.18181818 | G27: =+G11/G$15 -> 0.17021277 | H27: =+H11/H$15 -> 0.1097561 | I27: =+I11/I$15 -> 0.2 | J27: =+J11/J$15 -> 0 | K27: =+K11/K$15 -> 0.088607595 | L27: =+L11/L$15 -> 0.13846154 | M27: =+M11/M$15 -> 0.13333333
C28: C | D28: =+D25 -> Ind | E28: =+E12/E$15 -> 0.014084507 | F28: =+F12/F$15 -> 0.14545455 | G28: =+G12/G$15 -> 0 | H28: =+H12/H$15 -> 0.1097561 | I28: =+I12/I$15 -> 0 | J28: =+J12/J$15 -> 0 | K28: =+K12/K$15 -> 0.10126582 | L28: =+L12/L$15 -> 0.15384615 | M28: =+M12/M$15 -> 0.016666667
C29: C | D29: =+D26 -> Serv | E29: =+E13/E$15 -> 0.14084507 | F29: =+F13/F$15 -> 0.036363636 | G29: =+G13/G$15 -> 0.085106383 | H29: =+H13/H$15 -> 0.12195122 | I29: =+I13/I$15 -> 0 | J29: =+J13/J$15 -> 0 | K29: =+K13/K$15 -> 0.037974684 | L29: =+L13/L$15 -> 0 | M29: =+M13/M$15 -> 0.11666667
D30: VA | E30: =+E14/E$15 -> 0.28169014 | F30: =+F14/F$15 -> 0.27272727 | G30: =+G14/G$15 -> 0.10638298 | H30: =+H14/H$15 -> 0.34146341 | I30: =+I14/I$15 -> 0.16 | J30: =+J14/J$15 -> 0.32727273 | K30: =+K14/K$15 -> 0.37974684 | L30: =+L14/L$15 -> 0.21538462 | M30: =+M14/M$15 -> 0.16666667
D31: X | E31: =SUM(E21:E30) -> 1 | F31: =SUM(F21:F30) -> 1 | G31: =SUM(G21:G30) -> 1 | H31: =SUM(H21:H30) -> 1 | I31: =SUM(I21:I30) -> 1 | J31: =SUM(J21:J30) -> 1 | K31: =SUM(K21:K30) -> 1 | L31: =SUM(L21:L30) -> 1 | M31: =SUM(M21:M30) -> 1
E34: A | F34: A | G34: A | H34: B | I34: B | J34: B | K34: C | L34: C | M34: C
D35: L | E35: Agr | F35: Ind | G35: Serv | H35: Agr | I35: Ind | J35: Serv | K35: Agr | L35: Ind | M35: Serv
C36: A | D36: Agr | E36: {=+MINVERSE(_xlfn.MUNIT(COUNTA($D$36:$D$44))-E21:M29)} -> 1.3396898 | F36: 0.29313766 | G36: 0.46062081 | H36: 0.20047115 | I36: 0.22471967 | J36: 0.3432924 | K36: 0.21398444 | L36: 0.33876648 | M36: 0.26323813 | N36: {=+MMULT(_xlfn.ANCHORARRAY(E36),N5:N13)} -> 71
C37: A | D37: Ind | E37: 0.33305376 | F37: 1.2588963 | G37: 0.44906572 | H37: 0.24914152 | I37: 0.28508256 | J37: 0.38551433 | K37: 0.19834507 | L37: 0.2922519 | M37: 0.36621325 | N37: 55
C38: A | D38: Serv | E38: 0.16096426 | F38: 0.16098913 | G38: 1.1866305 | H38: 0.2426696 | I38: 0.27162889 | J38: 0.20593716 | K38: 0.23314113 | L38: 0.22869829 | M38: 0.30966204 | N38: 47
C39: B | D39: =+D36 -> Agr | E39: 0.4694894 | F39: 0.42979984 | G39: 0.50026322 | H39: 1.4082652 | I39: 0.59296552 | J39: 0.47360784 | K39: 0.42917418 | L39: 0.50129475 | M39: 0.55237411 | N39: 82
C40: B | D40: =+D37 -> Ind | E40: 0.27827723 | F40: 0.24820394 | G40: 0.33029476 | H40: 0.284956 | I40: 1.3995953 | J40: 0.26778154 | K40: 0.31054186 | L40: 0.25504175 | M40: 0.40329378 | N40: 50
C41: B | D41: =+D38 -> Serv | E41: 0.24935171 | F41: 0.25257975 | G41: 0.28900631 | H41: 0.17116188 | I41: 0.36899675 | J41: 1.2017562 | K41: 0.16782505 | L41: 0.27111308 | M41: 0.21882465 | N41: 55
C42: C | D42: =+D39 -> Agr | E42: 0.35214837 | F42: 0.4808315 | G42: 0.54248305 | H42: 0.42036737 | I42: 0.55309703 | J42: 0.29794582 | K42: 1.3766391 | L42: 0.46591317 | M42: 0.52551987 | N42: 79
C43: C | D43: =+D40 -> Ind | E43: 0.1889523 | F43: 0.33840247 | G43: 0.22055756 | H43: 0.28461936 | I43: 0.19938771 | J43: 0.1723962 | K43: 0.26168767 | L43: 1.3619713 | M43: 0.22783339 | N43: 65
C44: C | D44: =+D41 -> Serv | E44: 0.32278456 | F44: 0.19408334 | G44: 0.29864604 | H44: 0.27809522 | I44: 0.17937872 | J44: 0.16864275 | K44: 0.18317972 | L44: 0.17731814 | M44: 1.3178106 | N44: 60
C46: Demand shock | E46: d_shock | F46: 1-d_shock | G46: FD | H46: fd_max | J46: Supply shock | L46: p_shock | M46: 1-p_shock | N46: X | O46: x_max
C47: A | D47: Agr | E47: =+IO_sub_model!E47+IO_sub_model!B188 -> 0 | F47: =1-E47 -> 1 | G47: {=+N5:N13} -> 25 | H47: =+G47*F47 -> 25 | J47: A | K47: Agr | L47: =+IO_sub_model!L47 -> 0.2 | M47: =1-L47 -> 0.8 | N47: {=+O5:O13} -> 71 | O47: =+N47*M47 -> 56.8
C48: A | D48: Ind | E48: =+IO_sub_model!E48+IO_sub_model!B189 -> 0.39717425 | F48: =1-E48 -> 0.60282575 | G48: 7 | H48: =+G48*F48 -> 4.2197802 | J48: A | K48: Ind | L48: =+IO_sub_model!L48 -> 0 | M48: =1-L48 -> 1 | N48: 55 | O48: =+N48*M48 -> 55
C49: A | D49: Serv | E49: =+IO_sub_model!E49+IO_sub_model!B190 -> 0.16970173 | F49: =1-E49 -> 0.83029827 | G49: 14 | H49: =+G49*F49 -> 11.624176 | J49: A | K49: Serv | L49: =+IO_sub_model!L49 -> 0 | M49: =1-L49 -> 1 | N49: 47 | O49: =+N49*M49 -> 47
C50: B | D50: =+D47 -> Agr | E50: =+IO_sub_model!E50+IO_sub_model!B191 -> 0.41450549 | F50: =1-E50 -> 0.58549451 | G50: 10 | H50: =+G50*F50 -> 5.8549451 | J50: B | K50: =+K47 -> Agr | L50: =+IO_sub_model!L50 -> 0 | M50: =1-L50 -> 1 | N50: 82 | O50: =+N50*M50 -> 82
C51: B | D51: =+D48 -> Ind | E51: =+IO_sub_model!E51+IO_sub_model!B192 -> 0.50549451 | F51: =1-E51 -> 0.49450549 | G51: 5 | H51: =+G51*F51 -> 2.4725275 | J51: B | K51: =+K48 -> Ind | L51: =+IO_sub_model!L51 -> 0 | M51: =1-L51 -> 1 | N51: 50 | O51: =+N51*M51 -> 50
C52: B | D52: =+D49 -> Serv | E52: =+IO_sub_model!E52+IO_sub_model!B193 -> 0.13901099 | F52: =1-E52 -> 0.86098901 | G52: 20 | H52: =+G52*F52 -> 17.21978 | J52: B | K52: =+K49 -> Serv | L52: =+IO_sub_model!L52 -> 0 | M52: =1-L52 -> 1 | N52: 55 | O52: =+N52*M52 -> 55
C53: C | D53: =+D50 -> Agr | E53: =+IO_sub_model!E53+IO_sub_model!B194 -> 0.26622711 | F53: =1-E53 -> 0.73377289 | G53: 15 | H53: =+G53*F53 -> 11.006593 | J53: C | K53: =+K50 -> Agr | L53: =+IO_sub_model!L53 -> 0 | M53: =1-L53 -> 1 | N53: 79 | O53: =+N53*M53 -> 79
C54: C | D54: =+D51 -> Ind | E54: =+IO_sub_model!E54+IO_sub_model!B195 -> 0.11734694 | F54: =1-E54 -> 0.88265306 | G54: 28 | H54: =+G54*F54 -> 24.714286 | J54: C | K54: =+K51 -> Ind | L54: =+IO_sub_model!L54 -> 0 | M54: =1-L54 -> 1 | N54: 65 | O54: =+N54*M54 -> 65
C55: C | D55: =+D52 -> Serv | E55: =+IO_sub_model!E55+IO_sub_model!B196 -> 0.12637363 | F55: =1-E55 -> 0.87362637 | G55: 24 | H55: =+G55*F55 -> 20.967033 | J55: C | K55: =+K52 -> Serv | L55: =+IO_sub_model!L55 -> 0 | M55: =1-L55 -> 1 | N55: 60 | O55: =+N55*M55 -> 60
G56: =SUM(G47:G55) -> 148 | H56: =SUM(H47:H55) -> 123.07912 | N56: =SUM(N47:N55) -> 564 | O56: =SUM(O47:O55) -> 549.8
H57: =+H56-G56 -> -24.920879 | O57: =+O56-N56 -> -14.2
A59: Step 1-2 | E59: x_md | F59: {=+O46:O55} -> x_max | G59: r
C60: A | D60: Agr | E60: {=+MMULT(_xlfn.ANCHORARRAY(E36),H47:H55)} -> 63.971284 | F60: 56.8 | G60: =+MIN(F60/E60,1) -> 0.88789838
C61: A | D61: Ind | E61: 44.744991 | F61: 55 | G61: =+MIN(F61/E61,1) -> 1
C62: A | D62: Serv | E62: 38.846566 | F62: 47 | G62: =+MIN(F62/E62,1) -> 1
C63: B | D63: =+D60 -> Agr | E63: 65.927439 | F63: 82 | G63: =+MIN(F63/E63,1) -> 1
C64: B | D64: =+D61 -> Ind | E64: 39.760837 | F64: 50 | G64: =+MIN(F64/E64,1) -> 1
C65: B | D65: =+D62 -> Serv | E65: 46.403212 | F65: 55 | G65: =+MIN(F65/E65,1) -> 1
C66: C | D66: =+D63 -> Agr | E66: 63.783378 | F66: 79 | G66: =+MIN(F66/E66,1) -> 1
C67: C | D67: =+D64 -> Ind | E67: 55.161067 | F67: 65 | G67: =+MIN(F67/E67,1) -> 1
C68: C | D68: =+D65 -> Serv | E68: 51.364913 | F68: 60 | G68: =+MIN(F68/E68,1) -> 1
A70: Step 3 | E70: A | F70: A | G70: A | H70: B | I70: B | J70: B | K70: C | L70: C | M70: C
E71: Agr | F71: Ind | G71: Serv | H71: Agr | I71: Ind | J71: Serv | K71: Agr | L71: Ind | M71: Serv
C72: bottlneck | D72: s | E72: {=+MIN(_xlfn._xlws.FILTER($G$60:$G$68,E21:E29>0))} -> 0.88789838 | F72: {=+MIN(_xlfn._xlws.FILTER($G$60:$G$68,F21:F29>0))} -> 0.88789838 | G72: {=+MIN(_xlfn._xlws.FILTER($G$60:$G$68,G21:G29>0))} -> 0.88789838 | H72: {=+MIN(_xlfn._xlws.FILTER($G$60:$G$68,H21:H29>0))} -> 0.88789838 | I72: {=+MIN(_xlfn._xlws.FILTER($G$60:$G$68,I21:I29>0))} -> 1 | J72: {=+MIN(_xlfn._xlws.FILTER($G$60:$G$68,J21:J29>0))} -> 0.88789838 | K72: {=+MIN(_xlfn._xlws.FILTER($G$60:$G$68,K21:K29>0))} -> 0.88789838 | L72: {=+MIN(_xlfn._xlws.FILTER($G$60:$G$68,L21:L29>0))} -> 0.88789838 | M72: {=+MIN(_xlfn._xlws.FILTER($G$60:$G$68,M21:M29>0))} -> 0.88789838
C73: supply | D73: 1-p_shock | E73: {=+TRANSPOSE(M47:M55)} -> 0.8 | F73: 1 | G73: 1 | H73: 1 | I73: 1 | J73: 1 | K73: 1 | L73: 1 | M73: 1
D74: constraint | E74: =+MIN(E72:E73) -> 0.8 | F74: =+MIN(F72:F73) -> 0.88789838 | G74: =+MIN(G72:G73) -> 0.88789838 | H74: =+MIN(H72:H73) -> 0.88789838 | I74: =+MIN(I72:I73) -> 1 | J74: =+MIN(J72:J73) -> 0.88789838 | K74: =+MIN(K72:K73) -> 0.88789838 | L74: =+MIN(L72:L73) -> 0.88789838 | M74: =+MIN(M72:M73) -> 0.88789838
A76: Step 4 | E76: A | F76: A | G76: A | H76: B | I76: B | J76: B | K76: C | L76: C | M76: C
D77: Z_cons | E77: Agr | F77: Ind | G77: Serv | H77: Agr | I77: Ind | J77: Serv | K77: Agr | L77: Ind | M77: Serv
B78: {=+TRANSPOSE(E74:M74)} -> 0.8 | C78: A | D78: Agr | E78: =+E5*$B78 -> 8 | F78: =+F5*$B78 -> 4 | G78: =+G5*$B78 -> 8 | H78: =+H5*$B78 -> 0.8 | I78: =+I5*$B78 -> 0 | J78: =+J5*$B78 -> 6.4 | K78: =+K5*$B78 -> 2.4 | L78: =+L5*$B78 -> 5.6 | M78: =+M5*$B78 -> 1.6
B79: 0.88789838 | C79: A | D79: Ind | E79: =+E6*$B79 -> 7.1031871 | F79: =+F6*$B79 -> 2.6636951 | G79: =+G6*$B79 -> 7.9910854 | H79: =+H6*$B79 -> 3.5515935 | I79: =+I6*$B79 -> 1.7757968 | J79: =+J6*$B79 -> 8.8789838 | K79: =+K6*$B79 -> 0.88789838 | L79: =+L6*$B79 -> 3.5515935 | M79: =+M6*$B79 -> 6.2152887
B80: 0.88789838 | C80: A | D80: Serv | E80: =+E7*$B80 -> 0 | F80: =+F7*$B80 -> 0 | G80: =+G7*$B80 -> 0 | H80: =+H7*$B80 -> 6.2152887 | I80: =+I7*$B80 -> 3.5515935 | J80: =+J7*$B80 -> 3.5515935 | K80: =+K7*$B80 -> 6.2152887 | L80: =+L7*$B80 -> 3.5515935 | M80: =+M7*$B80 -> 6.2152887
B81: 0.88789838 | C81: B | D81: =+D78 -> Agr | E81: =+E8*$B81 -> 7.9910854 | F81: =+F8*$B81 -> 4.4394919 | G81: =+G8*$B81 -> 3.5515935 | H81: =+H8*$B81 -> 6.2152887 | I81: =+I8*$B81 -> 8.8789838 | J81: =+J8*$B81 -> 7.9910854 | K81: =+K8*$B81 -> 8.8789838 | L81: =+L8*$B81 -> 7.9910854 | M81: =+M8*$B81 -> 7.9910854
B82: 1 | C82: B | D82: =+D79 -> Ind | E82: =+E9*$B82 -> 4 | F82: =+F9*$B82 -> 2 | G82: =+G9*$B82 -> 3 | H82: =+H9*$B82 -> 6 | I82: =+I9*$B82 -> 7 | J82: =+J9*$B82 -> 4 | K82: =+K9*$B82 -> 9 | L82: =+L9*$B82 -> 2 | M82: =+M9*$B82 -> 8
B83: 0.88789838 | C83: B | D83: =+D80 -> Serv | E83: =+E10*$B83 -> 5.3273903 | F83: =+F10*$B83 -> 4.4394919 | G83: =+G10*$B83 -> 3.5515935 | H83: =+H10*$B83 -> 0.88789838 | I83: =+I10*$B83 -> 7.9910854 | J83: =+J10*$B83 -> 1.7757968 | K83: =+K10*$B83 -> 0.88789838 | L83: =+L10*$B83 -> 5.3273903 | M83: =+M10*$B83 -> 0.88789838
B84: 0.88789838 | C84: C | D84: =+D81 -> Agr | E84: =+E11*$B84 -> 2.6636951 | F84: =+F11*$B84 -> 8.8789838 | G84: =+G11*$B84 -> 7.1031871 | H84: =+H11*$B84 -> 7.9910854 | I84: =+I11*$B84 -> 8.8789838 | J84: =+J11*$B84 -> 0 | K84: =+K11*$B84 -> 6.2152887 | L84: =+L11*$B84 -> 7.9910854 | M84: =+M11*$B84 -> 7.1031871
B85: 0.88789838 | C85: C | D85: =+D82 -> Ind | E85: =+E12*$B85 -> 0.88789838 | F85: =+F12*$B85 -> 7.1031871 | G85: =+G12*$B85 -> 0 | H85: =+H12*$B85 -> 7.9910854 | I85: =+I12*$B85 -> 0 | J85: =+J12*$B85 -> 0 | K85: =+K12*$B85 -> 7.1031871 | L85: =+L12*$B85 -> 8.8789838 | M85: =+M12*$B85 -> 0.88789838
B86: 0.88789838 | C86: C | D86: =+D83 -> Serv | E86: =+E13*$B86 -> 8.8789838 | F86: =+F13*$B86 -> 1.7757968 | G86: =+G13*$B86 -> 3.5515935 | H86: =+H13*$B86 -> 8.8789838 | I86: =+I13*$B86 -> 0 | J86: =+J13*$B86 -> 0 | K86: =+K13*$B86 -> 2.6636951 | L86: =+L13*$B86 -> 0 | M86: =+M13*$B86 -> 6.2152887
N87: =+SUM(E78:M86) -> 370.36697
D88: {=+TRANSPOSE(E59:F68)} -> x_md | E88: 63.971284 | F88: 44.744991 | G88: 38.846566 | H88: 65.927439 | I88: 39.760837 | J88: 46.403212 | K88: 63.783378 | L88: 55.161067 | M88: 51.364913
D89: x_max | E89: 56.8 | F89: 55 | G89: 47 | H89: 82 | I89: 50 | J89: 55 | K89: 79 | L89: 65 | M89: 60
D90: x_tilde | E90: =+MIN(E88:E89) -> 56.8 | F90: =+MIN(F88:F89) -> 44.744991 | G90: =+MIN(G88:G89) -> 38.846566 | H90: =+MIN(H88:H89) -> 65.927439 | I90: =+MIN(I88:I89) -> 39.760837 | J90: =+MIN(J88:J89) -> 46.403212 | K90: =+MIN(K88:K89) -> 63.783378 | L90: =+MIN(L88:L89) -> 55.161067 | M90: =+MIN(M88:M89) -> 51.364913 | N90: =+SUM(E90:M90) -> 462.7924
A92: Step 5 | E92: A | F92: A | G92: A | H92: B | I92: B | J92: B | K92: C | L92: C | M92: C
C93: Only demand and supply constraints apply, no bottlenecks | D93: Z_need | E93: Agr | F93: Ind | G93: Serv | H93: Agr | I93: Ind | J93: Serv | K93: Agr | L93: Ind | M93: Serv
C94: A | D94: Agr | E94: =+E21*E$88 -> 9.0100401 | F94: =+F21*F$88 -> 4.0677264 | G94: =+G21*G$88 -> 8.2652268 | H94: =+H21*H$88 -> 0.80399316 | I94: =+I21*I$88 -> 0 | J94: =+J21*J$88 -> 6.7495581 | K94: =+K21*K$88 -> 2.4221536 | L94: =+L21*L$88 -> 5.9404226 | M94: =+M21*M$88 -> 1.7121638
C95: A | D95: Ind | E95: =+E22*E$88 -> 7.2080321 | F95: =+F22*F$88 -> 2.4406359 | G95: =+G22*G$88 -> 7.4387041 | H95: =+H22*H$88 -> 3.2159726 | I95: =+I22*I$88 -> 1.5904335 | J95: =+J22*J$88 -> 8.4369476 | K95: =+K22*K$88 -> 0.80738454 | L95: =+L22*L$88 -> 3.3945272 | M95: =+M22*M$88 -> 5.9925731
C96: A | D96: Serv | E96: =+E23*E$88 -> 0 | F96: =+F23*F$88 -> 0 | G96: =+G23*G$88 -> 0 | H96: =+H23*H$88 -> 5.6279521 | I96: =+I23*I$88 -> 3.1808669 | J96: =+J23*J$88 -> 3.374779 | K96: =+K23*K$88 -> 5.6516918 | L96: =+L23*L$88 -> 3.3945272 | M96: =+M23*M$88 -> 5.9925731
C97: B | D97: =+D94 -> Agr | E97: =+E24*E$88 -> 8.1090361 | F97: =+F24*F$88 -> 4.0677264 | G97: =+G24*G$88 -> 3.3060907 | H97: =+H24*H$88 -> 5.6279521 | I97: =+I24*I$88 -> 7.9521673 | J97: =+J24*J$88 -> 7.5932529 | K97: =+K24*K$88 -> 8.0738454 | L97: =+L24*L$88 -> 7.6376861 | M97: =+M24*M$88 -> 7.7047369
C98: B | D98: =+D95 -> Ind | E98: =+E25*E$88 -> 3.604016 | F98: =+F25*F$88 -> 1.6270906 | G98: =+G25*G$88 -> 2.479568 | H98: =+H25*H$88 -> 4.823959 | I98: =+I25*I$88 -> 5.5665171 | J98: =+J25*J$88 -> 3.374779 | K98: =+K25*K$88 -> 7.2664608 | L98: =+L25*L$88 -> 1.6972636 | M98: =+M25*M$88 -> 6.848655
C99: B | D99: =+D96 -> Serv | E99: =+E26*E$88 -> 5.406024 | F99: =+F26*F$88 -> 4.0677264 | G99: =+G26*G$88 -> 3.3060907 | H99: =+H26*H$88 -> 0.80399316 | I99: =+I26*I$88 -> 7.1569506 | J99: =+J26*J$88 -> 1.6873895 | K99: =+K26*K$88 -> 0.80738454 | L99: =+L26*L$88 -> 5.0917908 | M99: =+M26*M$88 -> 0.85608188
C100: C | D100: =+D97 -> Agr | E100: =+E27*E$88 -> 2.703012 | F100: =+F27*F$88 -> 8.1354529 | G100: =+G27*G$88 -> 6.6121814 | H100: =+H27*H$88 -> 7.2359384 | I100: =+I27*I$88 -> 7.9521673 | J100: =+J27*J$88 -> 0 | K100: =+K27*K$88 -> 5.6516918 | L100: =+L27*L$88 -> 7.6376861 | M100: =+M27*M$88 -> 6.848655
C101: C | D101: =+D98 -> Ind | E101: =+E28*E$88 -> 0.90100401 | F101: =+F28*F$88 -> 6.5083623 | G101: =+G28*G$88 -> 0 | H101: =+H28*H$88 -> 7.2359384 | I101: =+I28*I$88 -> 0 | J101: =+J28*J$88 -> 0 | K101: =+K28*K$88 -> 6.4590763 | L101: =+L28*L$88 -> 8.4863179 | M101: =+M28*M$88 -> 0.85608188
C102: C | D102: =+D99 -> Serv | E102: =+E29*E$88 -> 9.0100401 | F102: =+F29*F$88 -> 1.6270906 | G102: =+G29*G$88 -> 3.3060907 | H102: =+H29*H$88 -> 8.0399316 | I102: =+I29*I$88 -> 0 | J102: =+J29*J$88 -> 0 | K102: =+K29*K$88 -> 2.4221536 | L102: =+L29*L$88 -> 0 | M102: =+M29*M$88 -> 5.9925731
N103: =+SUM(E94:M102) -> 346.88457
E104: A | F104: A | G104: A | H104: B | I104: B | J104: B | K104: C | L104: C | M104: C
D105: exD | E105: Agr | F105: Ind | G105: Serv | H105: Agr | I105: Ind | J105: Serv | K105: Agr | L105: Ind | M105: Serv
C106: A | D106: Agr | E106: =+MAX(E94-E78,0) -> 1.0100401 | F106: =+MAX(F94-F78,0) -> 0.06772644 | G106: =+MAX(G94-G78,0) -> 0.26522681 | H106: =+MAX(H94-H78,0) -> 0.0039931585 | I106: =+MAX(I94-I78,0) -> 0 | J106: =+MAX(J94-J78,0) -> 0.34955809 | K106: =+MAX(K94-K78,0) -> 0.022153612 | L106: =+MAX(L94-L78,0) -> 0.34042255 | M106: =+MAX(M94-M78,0) -> 0.11216376 | N106: =+SUM(E106:M106) -> 2.1712845
C107: A | D107: Ind | E107: =+MAX(E95-E79,0) -> 0.104845 | F107: =+MAX(F95-F79,0) -> 0 | G107: =+MAX(G95-G79,0) -> 0 | H107: =+MAX(H95-H79,0) -> 0 | I107: =+MAX(I95-I79,0) -> 0 | J107: =+MAX(J95-J79,0) -> 0 | K107: =+MAX(K95-K79,0) -> 0 | L107: =+MAX(L95-L79,0) -> 0 | M107: =+MAX(M95-M79,0) -> 0 | N107: =+SUM(E107:M107) -> 0.104845
C108: A | D108: Serv | E108: =+MAX(E96-E80,0) -> 0 | F108: =+MAX(F96-F80,0) -> 0 | G108: =+MAX(G96-G80,0) -> 0 | H108: =+MAX(H96-H80,0) -> 0 | I108: =+MAX(I96-I80,0) -> 0 | J108: =+MAX(J96-J80,0) -> 0 | K108: =+MAX(K96-K80,0) -> 0 | L108: =+MAX(L96-L80,0) -> 0 | M108: =+MAX(M96-M80,0) -> 0 | N108: =+SUM(E108:M108) -> 0
C109: B | D109: =+D106 -> Agr | E109: =+MAX(E97-E81,0) -> 0.11795062 | F109: =+MAX(F97-F81,0) -> 0 | G109: =+MAX(G97-G81,0) -> 0 | H109: =+MAX(H97-H81,0) -> 0 | I109: =+MAX(I97-I81,0) -> 0 | J109: =+MAX(J97-J81,0) -> 0 | K109: =+MAX(K97-K81,0) -> 0 | L109: =+MAX(L97-L81,0) -> 0 | M109: =+MAX(M97-M81,0) -> 0 | N109: =+SUM(E109:M109) -> 0.11795062
C110: B | D110: =+D107 -> Ind | E110: =+MAX(E98-E82,0) -> 0 | F110: =+MAX(F98-F82,0) -> 0 | G110: =+MAX(G98-G82,0) -> 0 | H110: =+MAX(H98-H82,0) -> 0 | I110: =+MAX(I98-I82,0) -> 0 | J110: =+MAX(J98-J82,0) -> 0 | K110: =+MAX(K98-K82,0) -> 0 | L110: =+MAX(L98-L82,0) -> 0 | M110: =+MAX(M98-M82,0) -> 0 | N110: =+SUM(E110:M110) -> 0
...

Sheet IO_sub_model - t+2
E3: A | F3: A | G3: A | H3: B | I3: B | J3: B | K3: C | L3: C | M3: C
D4: Z | E4: Agr | F4: Ind | G4: Serv | H4: Agr | I4: Ind | J4: Serv | K4: Agr | L4: Ind | M4: Serv | N4: FD | O4: X | P4: AX | Q4: X
C5: A | D5: Agr | E5: 10 | F5: 5 | G5: 10 | H5: 1 | I5: 0 | J5: 8 | K5: 3 | L5: 7 | M5: 2 | N5: 25 | O5: =+SUM(E5:N5) -> 71 | P5: {=+MMULT(E21:M29,O5:O13)} -> 46 | Q5: =+P5+N5 -> 71 | R5: =+Q5=O5 -> TRUE
C6: A | D6: Ind | E6: 8 | F6: 3 | G6: 9 | H6: 4 | I6: 2 | J6: 10 | K6: 1 | L6: 4 | M6: 7 | N6: 7 | O6: =+SUM(E6:N6) -> 55 | P6: 48 | Q6: =+P6+N6 -> 55 | R6: =+Q6=O6 -> TRUE
C7: A | D7: Serv | E7: 0 | F7: 0 | G7: 0 | H7: 7 | I7: 4 | J7: 4 | K7: 7 | L7: 4 | M7: 7 | N7: 14 | O7: =+SUM(E7:N7) -> 47 | P7: 33 | Q7: =+P7+N7 -> 47 | R7: =+Q7=O7 -> TRUE
C8: B | D8: =+D5 -> Agr | E8: 9 | F8: 5 | G8: 4 | H8: 7 | I8: 10 | J8: 9 | K8: 10 | L8: 9 | M8: 9 | N8: 10 | O8: =+SUM(E8:N8) -> 82 | P8: 72 | Q8: =+P8+N8 -> 82 | R8: =+Q8=O8 -> TRUE
C9: B | D9: =+D6 -> Ind | E9: 4 | F9: 2 | G9: 3 | H9: 6 | I9: 7 | J9: 4 | K9: 9 | L9: 2 | M9: 8 | N9: 5 | O9: =+SUM(E9:N9) -> 50 | P9: 45 | Q9: =+P9+N9 -> 50 | R9: =+Q9=O9 -> TRUE
C10: B | D10: =+D7 -> Serv | E10: 6 | F10: 5 | G10: 4 | H10: 1 | I10: 9 | J10: 2 | K10: 1 | L10: 6 | M10: 1 | N10: 20 | O10: =+SUM(E10:N10) -> 55 | P10: 35 | Q10: =+P10+N10 -> 55 | R10: =+Q10=O10 -> TRUE
C11: C | D11: =+D8 -> Agr | E11: 3 | F11: 10 | G11: 8 | H11: 9 | I11: 10 | J11: 0 | K11: 7 | L11: 9 | M11: 8 | N11: 15 | O11: =+SUM(E11:N11) -> 79 | P11: 64 | Q11: =+P11+N11 -> 79 | R11: =+Q11=O11 -> TRUE
C12: C | D12: =+D9 -> Ind | E12: 1 | F12: 8 | G12: 0 | H12: 9 | I12: 0 | J12: 0 | K12: 8 | L12: 10 | M12: 1 | N12: 28 | O12: =+SUM(E12:N12) -> 65 | P12: 37 | Q12: =+P12+N12 -> 65 | R12: =+Q12=O12 -> TRUE
C13: C | D13: =+D10 -> Serv | E13: 10 | F13: 2 | G13: 4 | H13: 10 | I13: 0 | J13: 0 | K13: 3 | L13: 0 | M13: 7 | N13: 24 | O13: =+SUM(E13:N13) -> 60 | P13: 36 | Q13: =+P13+N13 -> 60 | R13: =+Q13=O13 -> TRUE
D14: VA | E14: 20 | F14: 15 | G14: 5 | H14: 28 | I14: 8 | J14: 18 | K14: 30 | L14: 14 | M14: 10 | N14: =+SUM(E5:M13) -> 416 | O14: =SUM(O5:O13) -> 564
D15: X | E15: =SUM(E5:E14) -> 71 | F15: =SUM(F5:F14) -> 55 | G15: =SUM(G5:G14) -> 47 | H15: =SUM(H5:H14) -> 82 | I15: =SUM(I5:I14) -> 50 | J15: =SUM(J5:J14) -> 55 | K15: =SUM(K5:K14) -> 79 | L15: =SUM(L5:L14) -> 65 | M15: =SUM(M5:M14) -> 60
E16: {=+TRANSPOSE(O5:O13)} -> 71 | F16: 55 | G16: 47 | H16: 82 | I16: 50 | J16: 55 | K16: 79 | L16: 65 | M16: 60
E17: =+E15-E16 -> 0 | F17: =+F15-F16 -> 0 | G17: =+G15-G16 -> 0 | H17: =+H15-H16 -> 0 | I17: =+I15-I16 -> 0 | J17: =+J15-J16 -> 0 | K17: =+K15-K16 -> 0 | L17: =+L15-L16 -> 0 | M17: =+M15-M16 -> 0
E19: A | F19: A | G19: A | H19: B | I19: B | J19: B | K19: C | L19: C | M19: C
D20: A | E20: Agr | F20: Ind | G20: Serv | H20: Agr | I20: Ind | J20: Serv | K20: Agr | L20: Ind | M20: Serv
C21: A | D21: Agr | E21: =+E5/E$15 -> 0.14084507 | F21: =+F5/F$15 -> 0.090909091 | G21: =+G5/G$15 -> 0.21276596 | H21: =+H5/H$15 -> 0.012195122 | I21: =+I5/I$15 -> 0 | J21: =+J5/J$15 -> 0.14545455 | K21: =+K5/K$15 -> 0.037974684 | L21: =+L5/L$15 -> 0.10769231 | M21: =+M5/M$15 -> 0.033333333
C22: A | D22: Ind | E22: =+E6/E$15 -> 0.11267606 | F22: =+F6/F$15 -> 0.054545455 | G22: =+G6/G$15 -> 0.19148936 | H22: =+H6/H$15 -> 0.048780488 | I22: =+I6/I$15 -> 0.04 | J22: =+J6/J$15 -> 0.18181818 | K22: =+K6/K$15 -> 0.012658228 | L22: =+L6/L$15 -> 0.061538462 | M22: =+M6/M$15 -> 0.11666667
C23: A | D23: Serv | E23: =+E7/E$15 -> 0 | F23: =+F7/F$15 -> 0 | G23: =+G7/G$15 -> 0 | H23: =+H7/H$15 -> 0.085365854 | I23: =+I7/I$15 -> 0.08 | J23: =+J7/J$15 -> 0.072727273 | K23: =+K7/K$15 -> 0.088607595 | L23: =+L7/L$15 -> 0.061538462 | M23: =+M7/M$15 -> 0.11666667
C24: B | D24: =+D21 -> Agr | E24: =+E8/E$15 -> 0.12676056 | F24: =+F8/F$15 -> 0.090909091 | G24: =+G8/G$15 -> 0.085106383 | H24: =+H8/H$15 -> 0.085365854 | I24: =+I8/I$15 -> 0.2 | J24: =+J8/J$15 -> 0.16363636 | K24: =+K8/K$15 -> 0.12658228 | L24: =+L8/L$15 -> 0.13846154 | M24: =+M8/M$15 -> 0.15
C25: B | D25: =+D22 -> Ind | E25: =+E9/E$15 -> 0.056338028 | F25: =+F9/F$15 -> 0.036363636 | G25: =+G9/G$15 -> 0.063829787 | H25: =+H9/H$15 -> 0.073170732 | I25: =+I9/I$15 -> 0.14 | J25: =+J9/J$15 -> 0.072727273 | K25: =+K9/K$15 -> 0.11392405 | L25: =+L9/L$15 -> 0.030769231 | M25: =+M9/M$15 -> 0.13333333
C26: B | D26: =+D23 -> Serv | E26: =+E10/E$15 -> 0.084507042 | F26: =+F10/F$15 -> 0.090909091 | G26: =+G10/G$15 -> 0.085106383 | H26: =+H10/H$15 -> 0.012195122 | I26: =+I10/I$15 -> 0.18 | J26: =+J10/J$15 -> 0.036363636 | K26: =+K10/K$15 -> 0.012658228 | L26: =+L10/L$15 -> 0.092307692 | M26: =+M10/M$15 -> 0.016666667
C27: C | D27: =+D24 -> Agr | E27: =+E11/E$15 -> 0.042253521 | F27: =+F11/F$15 -> 0.18181818 | G27: =+G11/G$15 -> 0.17021277 | H27: =+H11/H$15 -> 0.1097561 | I27: =+I11/I$15 -> 0.2 | J27: =+J11/J$15 -> 0 | K27: =+K11/K$15 -> 0.088607595 | L27: =+L11/L$15 -> 0.13846154 | M27: =+M11/M$15 -> 0.13333333
C28: C | D28: =+D25 -> Ind | E28: =+E12/E$15 -> 0.014084507 | F28: =+F12/F$15 -> 0.14545455 | G28: =+G12/G$15 -> 0 | H28: =+H12/H$15 -> 0.1097561 | I28: =+I12/I$15 -> 0 | J28: =+J12/J$15 -> 0 | K28: =+K12/K$15 -> 0.10126582 | L28: =+L12/L$15 -> 0.15384615 | M28: =+M12/M$15 -> 0.016666667
C29: C | D29: =+D26 -> Serv | E29: =+E13/E$15 -> 0.14084507 | F29: =+F13/F$15 -> 0.036363636 | G29: =+G13/G$15 -> 0.085106383 | H29: =+H13/H$15 -> 0.12195122 | I29: =+I13/I$15 -> 0 | J29: =+J13/J$15 -> 0 | K29: =+K13/K$15 -> 0.037974684 | L29: =+L13/L$15 -> 0 | M29: =+M13/M$15 -> 0.11666667
D30: VA | E30: =+E14/E$15 -> 0.28169014 | F30: =+F14/F$15 -> 0.27272727 | G30: =+G14/G$15 -> 0.10638298 | H30: =+H14/H$15 -> 0.34146341 | I30: =+I14/I$15 -> 0.16 | J30: =+J14/J$15 -> 0.32727273 | K30: =+K14/K$15 -> 0.37974684 | L30: =+L14/L$15 -> 0.21538462 | M30: =+M14/M$15 -> 0.16666667
D31: X | E31: =SUM(E21:E30) -> 1 | F31: =SUM(F21:F30) -> 1 | G31: =SUM(G21:G30) -> 1 | H31: =SUM(H21:H30) -> 1 | I31: =SUM(I21:I30) -> 1 | J31: =SUM(J21:J30) -> 1 | K31: =SUM(K21:K30) -> 1 | L31: =SUM(L21:L30) -> 1 | M31: =SUM(M21:M30) -> 1
E34: A | F34: A | G34: A | H34: B | I34: B | J34: B | K34: C | L34: C | M34: C
D35: L | E35: Agr | F35: Ind | G35: Serv | H35: Agr | I35: Ind | J35: Serv | K35: Agr | L35: Ind | M35: Serv
C36: A | D36: Agr | E36: {=+MINVERSE(_xlfn.MUNIT(COUNTA($D$36:$D$44))-E21:M29)} -> 1.3396898 | F36: 0.29313766 | G36: 0.46062081 | H36: 0.20047115 | I36: 0.22471967 | J36: 0.3432924 | K36: 0.21398444 | L36: 0.33876648 | M36: 0.26323813 | N36: {=+MMULT(_xlfn.ANCHORARRAY(E36),N5:N13)} -> 71
C37: A | D37: Ind | E37: 0.33305376 | F37: 1.2588963 | G37: 0.44906572 | H37: 0.24914152 | I37: 0.28508256 | J37: 0.38551433 | K37: 0.19834507 | L37: 0.2922519 | M37: 0.36621325 | N37: 55
C38: A | D38: Serv | E38: 0.16096426 | F38: 0.16098913 | G38: 1.1866305 | H38: 0.2426696 | I38: 0.27162889 | J38: 0.20593716 | K38: 0.23314113 | L38: 0.22869829 | M38: 0.30966204 | N38: 47
C39: B | D39: =+D36 -> Agr | E39: 0.4694894 | F39: 0.42979984 | G39: 0.50026322 | H39: 1.4082652 | I39: 0.59296552 | J39: 0.47360784 | K39: 0.42917418 | L39: 0.50129475 | M39: 0.55237411 | N39: 82
C40: B | D40: =+D37 -> Ind | E40: 0.27827723 | F40: 0.24820394 | G40: 0.33029476 | H40: 0.284956 | I40: 1.3995953 | J40: 0.26778154 | K40: 0.31054186 | L40: 0.25504175 | M40: 0.40329378 | N40: 50
C41: B | D41: =+D38 -> Serv | E41: 0.24935171 | F41: 0.25257975 | G41: 0.28900631 | H41: 0.17116188 | I41: 0.36899675 | J41: 1.2017562 | K41: 0.16782505 | L41: 0.27111308 | M41: 0.21882465 | N41: 55
C42: C | D42: =+D39 -> Agr | E42: 0.35214837 | F42: 0.4808315 | G42: 0.54248305 | H42: 0.42036737 | I42: 0.55309703 | J42: 0.29794582 | K42: 1.3766391 | L42: 0.46591317 | M42: 0.52551987 | N42: 79
C43: C | D43: =+D40 -> Ind | E43: 0.1889523 | F43: 0.33840247 | G43: 0.22055756 | H43: 0.28461936 | I43: 0.19938771 | J43: 0.1723962 | K43: 0.26168767 | L43: 1.3619713 | M43: 0.22783339 | N43: 65
C44: C | D44: =+D41 -> Serv | E44: 0.32278456 | F44: 0.19408334 | G44: 0.29864604 | H44: 0.27809522 | I44: 0.17937872 | J44: 0.16864275 | K44: 0.18317972 | L44: 0.17731814 | M44: 1.3178106 | N44: 60
C46: Demand shock | E46: d_shock | F46: 1-d_shock | G46: FD | H46: fd_max | J46: Supply shock | L46: p_shock | M46: 1-p_shock | N46: X | O46: x_max
C47: A | D47: Agr | E47: =+IO_sub_model!E47+IO_sub_model!B188+'IO_sub_model - t+1'!B188 -> 0 | F47: =1-E47 -> 1 | G47: {=+N5:N13} -> 25 | H47: =+G47*F47 -> 25 | J47: A | K47: Agr | L47: =+IO_sub_model!L47 -> 0.2 | M47: =1-L47 -> 0.8 | N47: {=+O5:O13} -> 71 | O47: =+N47*M47 -> 56.8
C48: A | D48: Ind | E48: =+IO_sub_model!E48+IO_sub_model!B189+'IO_sub_model - t+1'!B189 -> 0.39717425 | F48: =1-E48 -> 0.60282575 | G48: 7 | H48: =+G48*F48 -> 4.2197802 | J48: A | K48: Ind | L48: =+IO_sub_model!L48 -> 0 | M48: =1-L48 -> 1 | N48: 55 | O48: =+N48*M48 -> 55
C49: A | D49: Serv | E49: =+IO_sub_model!E49+IO_sub_model!B190+'IO_sub_model - t+1'!B190 -> 0.17522335 | F49: =1-E49 -> 0.82477665 | G49: 14 | H49: =+G49*F49 -> 11.546873 | J49: A | K49: Serv | L49: =+IO_sub_model!L49 -> 0 | M49: =1-L49 -> 1 | N49: 47 | O49: =+N49*M49 -> 47
C50: B | D50: =+D47 -> Agr | E50: =+IO_sub_model!E50+IO_sub_model!B191+'IO_sub_model - t+1'!B191 -> 0.60212929 | F50: =1-E50 -> 0.39787071 | G50: 10 | H50: =+G50*F50 -> 3.9787071 | J50: B | K50: =+K47 -> Agr | L50: =+IO_sub_model!L50 -> 0 | M50: =1-L50 -> 1 | N50: 82 | O50: =+N50*M50 -> 82
C51: B | D51: =+D48 -> Ind | E51: =+IO_sub_model!E51+IO_sub_model!B192+'IO_sub_model - t+1'!B192 -> 0.51214782 | F51: =1-E51 -> 0.48785218 | G51: 5 | H51: =+G51*F51 -> 2.4392609 | J51: B | K51: =+K48 -> Ind | L51: =+IO_sub_model!L51 -> 0 | M51: =1-L51 -> 1 | N51: 50 | O51: =+N51*M51 -> 50
C52: B | D52: =+D49 -> Serv | E52: =+IO_sub_model!E52+IO_sub_model!B193+'IO_sub_model - t+1'!B193 -> 0.13901099 | F52: =1-E52 -> 0.86098901 | G52: 20 | H52: =+G52*F52 -> 17.21978 | J52: B | K52: =+K49 -> Serv | L52: =+IO_sub_model!L52 -> 0 | M52: =1-L52 -> 1 | N52: 55 | O52: =+N52*M52 -> 55
C53: C | D53: =+D50 -> Agr | E53: =+IO_sub_model!E53+IO_sub_model!B194+'IO_sub_model - t+1'!B194 -> 0.36369209 | F53: =1-E53 -> 0.63630791 | G53: 15 | H53: =+G53*F53 -> 9.5446186 | J53: C | K53: =+K50 -> Agr | L53: =+IO_sub_model!L53 -> 0 | M53: =1-L53 -> 1 | N53: 79 | O53: =+N53*M53 -> 79
C54: C | D54: =+D51 -> Ind | E54: =+IO_sub_model!E54+IO_sub_model!B195+'IO_sub_model - t+1'!B195 -> 0.11877431 | F54: =1-E54 -> 0.88122569 | G54: 28 | H54: =+G54*F54 -> 24.674319 | J54: C | K54: =+K51 -> Ind | L54: =+IO_sub_model!L54 -> 0 | M54: =1-L54 -> 1 | N54: 65 | O54: =+N54*M54 -> 65
C55: C | D55: =+D52 -> Serv | E55: =+IO_sub_model!E55+IO_sub_model!B196+'IO_sub_model - t+1'!B196 -> 0.12637363 | F55: =1-E55 -> 0.87362637 | G55: 24 | H55: =+G55*F55 -> 20.967033 | J55: C | K55: =+K52 -> Serv | L55: =+IO_sub_model!L55 -> 0 | M55: =1-L55 -> 1 | N55: 60 | O55: =+N55*M55 -> 60
G56: =SUM(G47:G55) -> 148 | H56: =SUM(H47:H55) -> 119.59037 | N56: =SUM(N47:N55) -> 564 | O56: =SUM(O47:O55) -> 549.8
H57: =+H56-G56 -> -28.409628 | O57: =+O56-N56 -> -14.2
A59: Step 1-2 | E59: x_md | F59: {=+O46:O55} -> x_max | G59: r
C60: A | D60: Agr | E60: {=+MMULT(_xlfn.ANCHORARRAY(E36),H47:H55)} -> 63.225691 | F60: 56.8 | G60: =+MIN(F60/E60,1) -> 0.89836899
C61: A | D61: Ind | E61: 43.931689 | F61: 55 | G61: =+MIN(F61/E61,1) -> 1
C62: A | D62: Serv | E62: 37.940507 | F62: 47 | G62: =+MIN(F62/E62,1) -> 1
C63: B | D63: =+D60 -> Agr | E63: 62.579324 | F63: 82 | G63: =+MIN(F63/E63,1) -> 1
C64: B | D64: =+D61 -> Ind | E64: 38.689901 | F64: 50 | G64: =+MIN(F64/E64,1) -> 1
C65: B | D65: =+D62 -> Serv | E65: 45.791264 | F65: 55 | G65: =+MIN(F65/E65,1) -> 1
C66: C | D66: =+D63 -> Agr | E66: 60.903102 | F66: 79 | G66: =+MIN(F66/E66,1) -> 1
C67: C | D67: =+D64 -> Ind | E67: 54.166356 | F67: 65 | G67: =+MIN(F67/E67,1) -> 1
C68: C | D68: =+D65 -> Serv | E68: 50.539195 | F68: 60 | G68: =+MIN(F68/E68,1) -> 1
A70: Step 3 | E70: A | F70: A | G70: A | H70: B | I70: B | J70: B | K70: C | L70: C | M70: C
E71: Agr | F71: Ind | G71: Serv | H71: Agr | I71: Ind | J71: Serv | K71: Agr | L71: Ind | M71: Serv
C72: bottlneck | D72: s | E72: {=+MIN(_xlfn._xlws.FILTER($G$60:$G$68,E21:E29>0))} -> 0.89836899 | F72: {=+MIN(_xlfn._xlws.FILTER($G$60:$G$68,F21:F29>0))} -> 0.89836899 | G72: {=+MIN(_xlfn._xlws.FILTER($G$60:$G$68,G21:G29>0))} -> 0.89836899 | H72: {=+MIN(_xlfn._xlws.FILTER($G$60:$G$68,H21:H29>0))} -> 0.89836899 | I72: {=+MIN(_xlfn._xlws.FILTER($G$60:$G$68,I21:I29>0))} -> 1 | J72: {=+MIN(_xlfn._xlws.FILTER($G$60:$G$68,J21:J29>0))} -> 0.89836899 | K72: {=+MIN(_xlfn._xlws.FILTER($G$60:$G$68,K21:K29>0))} -> 0.89836899 | L72: {=+MIN(_xlfn._xlws.FILTER($G$60:$G$68,L21:L29>0))} -> 0.89836899 | M72: {=+MIN(_xlfn._xlws.FILTER($G$60:$G$68,M21:M29>0))} -> 0.89836899
C73: supply | D73: 1-p_shock | E73: {=+TRANSPOSE(M47:M55)} -> 0.8 | F73: 1 | G73: 1 | H73: 1 | I73: 1 | J73: 1 | K73: 1 | L73: 1 | M73: 1
D74: constraint | E74: =+MIN(E72:E73) -> 0.8 | F74: =+MIN(F72:F73) -> 0.89836899 | G74: =+MIN(G72:G73) -> 0.89836899 | H74: =+MIN(H72:H73) -> 0.89836899 | I74: =+MIN(I72:I73) -> 1 | J74: =+MIN(J72:J73) -> 0.89836899 | K74: =+MIN(K72:K73) -> 0.89836899 | L74: =+MIN(L72:L73) -> 0.89836899 | M74: =+MIN(M72:M73) -> 0.89836899
A76: Step 4 | E76: A | F76: A | G76: A | H76: B | I76: B | J76: B | K76: C | L76: C | M76: C
D77: Z_cons | E77: Agr | F77: Ind | G77: Serv | H77: Agr | I77: Ind | J77: Serv | K77: Agr | L77: Ind | M77: Serv
B78: {=+TRANSPOSE(E74:M74)} -> 0.8 | C78: A | D78: Agr | E78: =+E5*$B78 -> 8 | F78: =+F5*$B78 -> 4 | G78: =+G5*$B78 -> 8 | H78: =+H5*$B78 -> 0.8 | I78: =+I5*$B78 -> 0 | J78: =+J5*$B78 -> 6.4 | K78: =+K5*$B78 -> 2.4 | L78: =+L5*$B78 -> 5.6 | M78: =+M5*$B78 -> 1.6
B79: 0.89836899 | C79: A | D79: Ind | E79: =+E6*$B79 -> 7.1869519 | F79: =+F6*$B79 -> 2.695107 | G79: =+G6*$B79 -> 8.0853209 | H79: =+H6*$B79 -> 3.593476 | I79: =+I6*$B79 -> 1.796738 | J79: =+J6*$B79 -> 8.9836899 | K79: =+K6*$B79 -> 0.89836899 | L79: =+L6*$B79 -> 3.593476 | M79: =+M6*$B79 -> 6.2885829
B80: 0.89836899 | C80: A | D80: Serv | E80: =+E7*$B80 -> 0 | F80: =+F7*$B80 -> 0 | G80: =+G7*$B80 -> 0 | H80: =+H7*$B80 -> 6.2885829 | I80: =+I7*$B80 -> 3.593476 | J80: =+J7*$B80 -> 3.593476 | K80: =+K7*$B80 -> 6.2885829 | L80: =+L7*$B80 -> 3.593476 | M80: =+M7*$B80 -> 6.2885829
B81: 0.89836899 | C81: B | D81: =+D78 -> Agr | E81: =+E8*$B81 -> 8.0853209 | F81: =+F8*$B81 -> 4.4918449 | G81: =+G8*$B81 -> 3.593476 | H81: =+H8*$B81 -> 6.2885829 | I81: =+I8*$B81 -> 8.9836899 | J81: =+J8*$B81 -> 8.0853209 | K81: =+K8*$B81 -> 8.9836899 | L81: =+L8*$B81 -> 8.0853209 | M81: =+M8*$B81 -> 8.0853209
B82: 1 | C82: B | D82: =+D79 -> Ind | E82: =+E9*$B82 -> 4 | F82: =+F9*$B82 -> 2 | G82: =+G9*$B82 -> 3 | H82: =+H9*$B82 -> 6 | I82: =+I9*$B82 -> 7 | J82: =+J9*$B82 -> 4 | K82: =+K9*$B82 -> 9 | L82: =+L9*$B82 -> 2 | M82: =+M9*$B82 -> 8
B83: 0.89836899 | C83: B | D83: =+D80 -> Serv | E83: =+E10*$B83 -> 5.3902139 | F83: =+F10*$B83 -> 4.4918449 | G83: =+G10*$B83 -> 3.593476 | H83: =+H10*$B83 -> 0.89836899 | I83: =+I10*$B83 -> 8.0853209 | J83: =+J10*$B83 -> 1.796738 | K83: =+K10*$B83 -> 0.89836899 | L83: =+L10*$B83 -> 5.3902139 | M83: =+M10*$B83 -> 0.89836899
B84: 0.89836899 | C84: C | D84: =+D81 -> Agr | E84: =+E11*$B84 -> 2.695107 | F84: =+F11*$B84 -> 8.9836899 | G84: =+G11*$B84 -> 7.1869519 | H84: =+H11*$B84 -> 8.0853209 | I84: =+I11*$B84 -> 8.9836899 | J84: =+J11*$B84 -> 0 | K84: =+K11*$B84 -> 6.2885829 | L84: =+L11*$B84 -> 8.0853209 | M84: =+M11*$B84 -> 7.1869519
B85: 0.89836899 | C85: C | D85: =+D82 -> Ind | E85: =+E12*$B85 -> 0.89836899 | F85: =+F12*$B85 -> 7.1869519 | G85: =+G12*$B85 -> 0 | H85: =+H12*$B85 -> 8.0853209 | I85: =+I12*$B85 -> 0 | J85: =+J12*$B85 -> 0 | K85: =+K12*$B85 -> 7.1869519 | L85: =+L12*$B85 -> 8.9836899 | M85: =+M12*$B85 -> 0.89836899
B86: 0.89836899 | C86: C | D86: =+D83 -> Serv | E86: =+E13*$B86 -> 8.9836899 | F86: =+F13*$B86 -> 1.796738 | G86: =+G13*$B86 -> 3.593476 | H86: =+H13*$B86 -> 8.9836899 | I86: =+I13*$B86 -> 0 | J86: =+J13*$B86 -> 0 | K86: =+K13*$B86 -> 2.695107 | L86: =+L13*$B86 -> 0 | M86: =+M13*$B86 -> 6.2885829
N87: =+SUM(E78:M86) -> 373.76992
D88: {=+TRANSPOSE(E59:F68)} -> x_md | E88: 63.225691 | F88: 43.931689 | G88: 37.940507 | H88: 62.579324 | I88: 38.689901 | J88: 45.791264 | K88: 60.903102 | L88: 54.166356 | M88: 50.539195
D89: x_max | E89: 56.8 | F89: 55 | G89: 47 | H89: 82 | I89: 50 | J89: 55 | K89: 79 | L89: 65 | M89: 60
D90: x_tilde | E90: =+MIN(E88:E89) -> 56.8 | F90: =+MIN(F88:F89) -> 43.931689 | G90: =+MIN(G88:G89) -> 37.940507 | H90: =+MIN(H88:H89) -> 62.579324 | I90: =+MIN(I88:I89) -> 38.689901 | J90: =+MIN(J88:J89) -> 45.791264 | K90: =+MIN(K88:K89) -> 60.903102 | L90: =+MIN(L88:L89) -> 54.166356 | M90: =+MIN(M88:M89) -> 50.539195 | N90: =+SUM(E90:M90) -> 451.34134
A92: Step 5 | E92: A | F92: A | G92: A | H92: B | I92: B | J92: B | K92: C | L92: C | M92: C
C93: Only demand and supply constraints apply, no bottlenecks | D93: Z_need | E93: Agr | F93: Ind | G93: Serv | H93: Agr | I93: Ind | J93: Serv | K93: Agr | L93: Ind | M93: Serv
C94: A | D94: Agr | E94: =+E21*E$88 -> 8.9050269 | F94: =+F21*F$88 -> 3.9937899 | G94: =+G21*G$88 -> 8.0724484 | H94: =+H21*H$88 -> 0.76316249 | I94: =+I21*I$88 -> 0 | J94: =+J21*J$88 -> 6.6605475 | K94: =+K21*K$88 -> 2.312776 | L94: =+L21*L$88 -> 5.8332999 | M94: =+M21*M$88 -> 1.6846398
C95: A | D95: Ind | E95: =+E22*E$88 -> 7.1240215 | F95: =+F22*F$88 -> 2.3962739 | G95: =+G22*G$88 -> 7.2652035 | H95: =+H22*H$88 -> 3.0526499 | I95: =+I22*I$88 -> 1.5475961 | J95: =+J22*J$88 -> 8.3256843 | K95: =+K22*K$88 -> 0.77092534 | L95: =+L22*L$88 -> 3.3333142 | M95: =+M22*M$88 -> 5.8962395
C96: A | D96: Serv | E96: =+E23*E$88 -> 0 | F96: =+F23*F$88 -> 0 | G96: =+G23*G$88 -> 0 | H96: =+H23*H$88 -> 5.3421374 | I96: =+I23*I$88 -> 3.0951921 | J96: =+J23*J$88 -> 3.3302737 | K96: =+K23*K$88 -> 5.3964774 | L96: =+L23*L$88 -> 3.3333142 | M96: =+M23*M$88 -> 5.8962395
C97: B | D97: =+D94 -> Agr | E97: =+E24*E$88 -> 8.0145242 | F97: =+F24*F$88 -> 3.9937899 | G97: =+G24*G$88 -> 3.2289794 | H97: =+H24*H$88 -> 5.3421374 | I97: =+I24*I$88 -> 7.7379803 | J97: =+J24*J$88 -> 7.4931159 | K97: =+K24*K$88 -> 7.7092534 | L97: =+L24*L$88 -> 7.499957 | M97: =+M24*M$88 -> 7.5808793
C98: B | D98: =+D95 -> Ind | E98: =+E25*E$88 -> 3.5620108 | F98: =+F25*F$88 -> 1.5975159 | G98: =+G25*G$88 -> 2.4217345 | H98: =+H25*H$88 -> 4.5789749 | I98: =+I25*I$88 -> 5.4165862 | J98: =+J25*J$88 -> 3.3302737 | K98: =+K25*K$88 -> 6.938328 | L98: =+L25*L$88 -> 1.6666571 | M98: =+M25*M$88 -> 6.7385594
C99: B | D99: =+D96 -> Serv | E99: =+E26*E$88 -> 5.3430161 | F99: =+F26*F$88 -> 3.9937899 | G99: =+G26*G$88 -> 3.2289794 | H99: =+H26*H$88 -> 0.76316249 | I99: =+I26*I$88 -> 6.9641823 | J99: =+J26*J$88 -> 1.6651369 | K99: =+K26*K$88 -> 0.77092534 | L99: =+L26*L$88 -> 4.9999714 | M99: =+M26*M$88 -> 0.84231992
C100: C | D100: =+D97 -> Agr | E100: =+E27*E$88 -> 2.6715081 | F100: =+F27*F$88 -> 7.9875797 | G100: =+G27*G$88 -> 6.4579587 | H100: =+H27*H$88 -> 6.8684624 | I100: =+I27*I$88 -> 7.7379803 | J100: =+J27*J$88 -> 0 | K100: =+K27*K$88 -> 5.3964774 | L100: =+L27*L$88 -> 7.499957 | M100: =+M27*M$88 -> 6.7385594
C101: C | D101: =+D98 -> Ind | E101: =+E28*E$88 -> 0.89050269 | F101: =+F28*F$88 -> 6.3900638 | G101: =+G28*G$88 -> 0 | H101: =+H28*H$88 -> 6.8684624 | I101: =+I28*I$88 -> 0 | J101: =+J28*J$88 -> 0 | K101: =+K28*K$88 -> 6.1674027 | L101: =+L28*L$88 -> 8.3332856 | M101: =+M28*M$88 -> 0.84231992
C102: C | D102: =+D99 -> Serv | E102: =+E29*E$88 -> 8.9050269 | F102: =+F29*F$88 -> 1.5975159 | G102: =+G29*G$88 -> 3.2289794 | H102: =+H29*H$88 -> 7.6316249 | I102: =+I29*I$88 -> 0 | J102: =+J29*J$88 -> 0 | K102: =+K29*K$88 -> 2.312776 | L102: =+L29*L$88 -> 0 | M102: =+M29*M$88 -> 5.8962395
N103: =+SUM(E94:M102) -> 338.17666
E104: A | F104: A | G104: A | H104: B | I104: B | J104: B | K104: C | L104: C | M104: C
D105: exD | E105: Agr | F105: Ind | G105: Serv | H105: Agr | I105: Ind | J105: Serv | K105: Agr | L105: Ind | M105: Serv
C106: A | D106: Agr | E106: =+MAX(E94-E78,0) -> 0.90502688 | F106: =+MAX(F94-F78,0) -> 0 | G106: =+MAX(G94-G78,0) -> 0.072448377 | H106: =+MAX(H94-H78,0) -> 0 | I106: =+MAX(I94-I78,0) -> 0 | J106: =+MAX(J94-J78,0) -> 0.26054746 | K106: =+MAX(K94-K78,0) -> 0 | L106: =+MAX(L94-L78,0) -> 0.23329991 | M106: =+MAX(M94-M78,0) -> 0.084639849 | N106: =+SUM(E106:M106) -> 1.5559625
C107: A | D107: Ind | E107: =+MAX(E95-E79,0) -> 0 | F107: =+MAX(F95-F79,0) -> 0 | G107: =+MAX(G95-G79,0) -> 0 | H107: =+MAX(H95-H79,0) -> 0 | I107: =+MAX(I95-I79,0) -> 0 | J107: =+MAX(J95-J79,0) -> 0 | K107: =+MAX(K95-K79,0) -> 0 | L107: =+MAX(L95-L79,0) -> 0 | M107: =+MAX(M95-M79,0) -> 0 | N107: =+SUM(E107:M107) -> 0
C108: A | D108: Serv | E108: =+MAX(E96-E80,0) -> 0 | F108: =+MAX(F96-F80,0) -> 0 | G108: =+MAX(G96-G80,0) -> 0 | H108: =+MAX(H96-H80,0) -> 0 | I108: =+MAX(I96-I80,0) -> 0 | J108: =+MAX(J96-J80,0) -> 0 | K108: =+MAX(K96-K80,0) -> 0 | L108: =+MAX(L96-L80,0) -> 0 | M108: =+MAX(M96-M80,0) -> 0 | N108: =+SUM(E108:M108) -> 0
C109: B | D109: =+D106 -> Agr | E109: =+MAX(E97-E81,0) -> 0 | F109: =+MAX(F97-F81,0) -> 0 | G109: =+MAX(G97-G81,0) -> 0 | H109: =+MAX(H97-H81,0) -> 0 | I109: =+MAX(I97-I81,0) -> 0 | J109: =+MAX(J97-J81,0) -> 0 | K109: =+MAX(K97-K81,0) -> 0 | L109: =+MAX(L97-L81,0) -> 0 | M109: =+MAX(M97-M81,0) -> 0 | N109: =+SUM(E109:M109) -> 0
C110: B | D110: =+D107 -> Ind | E110: =+MAX(E98-E82,0) -> 0 | F110: =+MAX(F98-F82,0) -> 0 | G110: =+MAX(G98-G82,0) -> 0 | H110: =+MAX(H98-H82,0) -> 0 | I110: =+MAX(I98-I82,0) -> 0 | J110: =+MAX(J98-J82,0) -> 0 | K110: =+MAX(K98-K82,0) -> 0 | L110: =+MAX(L98-L82,0) -> 0 | M110: =+MAX(M98-M82,0) -> 0 | N110: =+SUM(E110:M110) -> 0
...

Sheet IO_sub_model - t+3
E3: A | F3: A | G3: A | H3: B | I3: B | J3: B | K3: C | L3: C | M3: C
D4: Z | E4: Agr | F4: Ind | G4: Serv | H4: Agr | I4: Ind | J4: Serv | K4: Agr | L4: Ind | M4: Serv | N4: FD | O4: X | P4: AX | Q4: X
C5: A | D5: Agr | E5: 10 | F5: 5 | G5: 10 | H5: 1 | I5: 0 | J5: 8 | K5: 3 | L5: 7 | M5: 2 | N5: 25 | O5: =+SUM(E5:N5) -> 71 | P5: {=+MMULT(E21:M29,O5:O13)} -> 46 | Q5: =+P5+N5 -> 71 | R5: =+Q5=O5 -> TRUE
C6: A | D6: Ind | E6: 8 | F6: 3 | G6: 9 | H6: 4 | I6: 2 | J6: 10 | K6: 1 | L6: 4 | M6: 7 | N6: 7 | O6: =+SUM(E6:N6) -> 55 | P6: 48 | Q6: =+P6+N6 -> 55 | R6: =+Q6=O6 -> TRUE
C7: A | D7: Serv | E7: 0 | F7: 0 | G7: 0 | H7: 7 | I7: 4 | J7: 4 | K7: 7 | L7: 4 | M7: 7 | N7: 14 | O7: =+SUM(E7:N7) -> 47 | P7: 33 | Q7: =+P7+N7 -> 47 | R7: =+Q7=O7 -> TRUE
C8: B | D8: =+D5 -> Agr | E8: 9 | F8: 5 | G8: 4 | H8: 7 | I8: 10 | J8: 9 | K8: 10 | L8: 9 | M8: 9 | N8: 10 | O8: =+SUM(E8:N8) -> 82 | P8: 72 | Q8: =+P8+N8 -> 82 | R8: =+Q8=O8 -> TRUE
C9: B | D9: =+D6 -> Ind | E9: 4 | F9: 2 | G9: 3 | H9: 6 | I9: 7 | J9: 4 | K9: 9 | L9: 2 | M9: 8 | N9: 5 | O9: =+SUM(E9:N9) -> 50 | P9: 45 | Q9: =+P9+N9 -> 50 | R9: =+Q9=O9 -> TRUE
C10: B | D10: =+D7 -> Serv | E10: 6 | F10: 5 | G10: 4 | H10: 1 | I10: 9 | J10: 2 | K10: 1 | L10: 6 | M10: 1 | N10: 20 | O10: =+SUM(E10:N10) -> 55 | P10: 35 | Q10: =+P10+N10 -> 55 | R10: =+Q10=O10 -> TRUE
C11: C | D11: =+D8 -> Agr | E11: 3 | F11: 10 | G11: 8 | H11: 9 | I11: 10 | J11: 0 | K11: 7 | L11: 9 | M11: 8 | N11: 15 | O11: =+SUM(E11:N11) -> 79 | P11: 64 | Q11: =+P11+N11 -> 79 | R11: =+Q11=O11 -> TRUE
C12: C | D12: =+D9 -> Ind | E12: 1 | F12: 8 | G12: 0 | H12: 9 | I12: 0 | J12: 0 | K12: 8 | L12: 10 | M12: 1 | N12: 28 | O12: =+SUM(E12:N12) -> 65 | P12: 37 | Q12: =+P12+N12 -> 65 | R12: =+Q12=O12 -> TRUE
C13: C | D13: =+D10 -> Serv | E13: 10 | F13: 2 | G13: 4 | H13: 10 | I13: 0 | J13: 0 | K13: 3 | L13: 0 | M13: 7 | N13: 24 | O13: =+SUM(E13:N13) -> 60 | P13: 36 | Q13: =+P13+N13 -> 60 | R13: =+Q13=O13 -> TRUE
D14: VA | E14: 20 | F14: 15 | G14: 5 | H14: 28 | I14: 8 | J14: 18 | K14: 30 | L14: 14 | M14: 10 | N14: =+SUM(E5:M13) -> 416 | O14: =SUM(O5:O13) -> 564
D15: X | E15: =SUM(E5:E14) -> 71 | F15: =SUM(F5:F14) -> 55 | G15: =SUM(G5:G14) -> 47 | H15: =SUM(H5:H14) -> 82 | I15: =SUM(I5:I14) -> 50 | J15: =SUM(J5:J14) -> 55 | K15: =SUM(K5:K14) -> 79 | L15: =SUM(L5:L14) -> 65 | M15: =SUM(M5:M14) -> 60
E16: {=+TRANSPOSE(O5:O13)} -> 71 | F16: 55 | G16: 47 | H16: 82 | I16: 50 | J16: 55 | K16: 79 | L16: 65 | M16: 60
E17: =+E15-E16 -> 0 | F17: =+F15-F16 -> 0 | G17: =+G15-G16 -> 0 | H17: =+H15-H16 -> 0 | I17: =+I15-I16 -> 0 | J17: =+J15-J16 -> 0 | K17: =+K15-K16 -> 0 | L17: =+L15-L16 -> 0 | M17: =+M15-M16 -> 0
E19: A | F19: A | G19: A | H19: B | I19: B | J19: B | K19: C | L19: C | M19: C
D20: A | E20: Agr | F20: Ind | G20: Serv | H20: Agr | I20: Ind | J20: Serv | K20: Agr | L20: Ind | M20: Serv
C21: A | D21: Agr | E21: =+E5/E$15 -> 0.14084507 | F21: =+F5/F$15 -> 0.090909091 | G21: =+G5/G$15 -> 0.21276596 | H21: =+H5/H$15 -> 0.012195122 | I21: =+I5/I$15 -> 0 | J21: =+J5/J$15 -> 0.14545455 | K21: =+K5/K$15 -> 0.037974684 | L21: =+L5/L$15 -> 0.10769231 | M21: =+M5/M$15 -> 0.033333333
C22: A | D22: Ind | E22: =+E6/E$15 -> 0.11267606 | F22: =+F6/F$15 -> 0.054545455 | G22: =+G6/G$15 -> 0.19148936 | H22: =+H6/H$15 -> 0.048780488 | I22: =+I6/I$15 -> 0.04 | J22: =+J6/J$15 -> 0.18181818 | K22: =+K6/K$15 -> 0.012658228 | L22: =+L6/L$15 -> 0.061538462 | M22: =+M6/M$15 -> 0.11666667
C23: A | D23: Serv | E23: =+E7/E$15 -> 0 | F23: =+F7/F$15 -> 0 | G23: =+G7/G$15 -> 0 | H23: =+H7/H$15 -> 0.085365854 | I23: =+I7/I$15 -> 0.08 | J23: =+J7/J$15 -> 0.072727273 | K23: =+K7/K$15 -> 0.088607595 | L23: =+L7/L$15 -> 0.061538462 | M23: =+M7/M$15 -> 0.11666667
C24: B | D24: =+D21 -> Agr | E24: =+E8/E$15 -> 0.12676056 | F24: =+F8/F$15 -> 0.090909091 | G24: =+G8/G$15 -> 0.085106383 | H24: =+H8/H$15 -> 0.085365854 | I24: =+I8/I$15 -> 0.2 | J24: =+J8/J$15 -> 0.16363636 | K24: =+K8/K$15 -> 0.12658228 | L24: =+L8/L$15 -> 0.13846154 | M24: =+M8/M$15 -> 0.15
C25: B | D25: =+D22 -> Ind | E25: =+E9/E$15 -> 0.056338028 | F25: =+F9/F$15 -> 0.036363636 | G25: =+G9/G$15 -> 0.063829787 | H25: =+H9/H$15 -> 0.073170732 | I25: =+I9/I$15 -> 0.14 | J25: =+J9/J$15 -> 0.072727273 | K25: =+K9/K$15 -> 0.11392405 | L25: =+L9/L$15 -> 0.030769231 | M25: =+M9/M$15 -> 0.13333333
C26: B | D26: =+D23 -> Serv | E26: =+E10/E$15 -> 0.084507042 | F26: =+F10/F$15 -> 0.090909091 | G26: =+G10/G$15 -> 0.085106383 | H26: =+H10/H$15 -> 0.012195122 | I26: =+I10/I$15 -> 0.18 | J26: =+J10/J$15 -> 0.036363636 | K26: =+K10/K$15 -> 0.012658228 | L26: =+L10/L$15 -> 0.092307692 | M26: =+M10/M$15 -> 0.016666667
C27: C | D27: =+D24 -> Agr | E27: =+E11/E$15 -> 0.042253521 | F27: =+F11/F$15 -> 0.18181818 | G27: =+G11/G$15 -> 0.17021277 | H27: =+H11/H$15 -> 0.1097561 | I27: =+I11/I$15 -> 0.2 | J27: =+J11/J$15 -> 0 | K27: =+K11/K$15 -> 0.088607595 | L27: =+L11/L$15 -> 0.13846154 | M27: =+M11/M$15 -> 0.13333333
C28: C | D28: =+D25 -> Ind | E28: =+E12/E$15 -> 0.014084507 | F28: =+F12/F$15 -> 0.14545455 | G28: =+G12/G$15 -> 0 | H28: =+H12/H$15 -> 0.1097561 | I28: =+I12/I$15 -> 0 | J28: =+J12/J$15 -> 0 | K28: =+K12/K$15 -> 0.10126582 | L28: =+L12/L$15 -> 0.15384615 | M28: =+M12/M$15 -> 0.016666667
C29: C | D29: =+D26 -> Serv | E29: =+E13/E$15 -> 0.14084507 | F29: =+F13/F$15 -> 0.036363636 | G29: =+G13/G$15 -> 0.085106383 | H29: =+H13/H$15 -> 0.12195122 | I29: =+I13/I$15 -> 0 | J29: =+J13/J$15 -> 0 | K29: =+K13/K$15 -> 0.037974684 | L29: =+L13/L$15 -> 0 | M29: =+M13/M$15 -> 0.11666667
D30: VA | E30: =+E14/E$15 -> 0.28169014 | F30: =+F14/F$15 -> 0.27272727 | G30: =+G14/G$15 -> 0.10638298 | H30: =+H14/H$15 -> 0.34146341 | I30: =+I14/I$15 -> 0.16 | J30: =+J14/J$15 -> 0.32727273 | K30: =+K14/K$15 -> 0.37974684 | L30: =+L14/L$15 -> 0.21538462 | M30: =+M14/M$15 -> 0.16666667
D31: X | E31: =SUM(E21:E30) -> 1 | F31: =SUM(F21:F30) -> 1 | G31: =SUM(G21:G30) -> 1 | H31: =SUM(H21:H30) -> 1 | I31: =SUM(I21:I30) -> 1 | J31: =SUM(J21:J30) -> 1 | K31: =SUM(K21:K30) -> 1 | L31: =SUM(L21:L30) -> 1 | M31: =SUM(M21:M30) -> 1
E34: A | F34: A | G34: A | H34: B | I34: B | J34: B | K34: C | L34: C | M34: C
D35: L | E35: Agr | F35: Ind | G35: Serv | H35: Agr | I35: Ind | J35: Serv | K35: Agr | L35: Ind | M35: Serv
C36: A | D36: Agr | E36: {=+MINVERSE(_xlfn.MUNIT(COUNTA($D$36:$D$44))-E21:M29)} -> 1.3396898 | F36: 0.29313766 | G36: 0.46062081 | H36: 0.20047115 | I36: 0.22471967 | J36: 0.3432924 | K36: 0.21398444 | L36: 0.33876648 | M36: 0.26323813 | N36: {=+MMULT(_xlfn.ANCHORARRAY(E36),N5:N13)} -> 71
C37: A | D37: Ind | E37: 0.33305376 | F37: 1.2588963 | G37: 0.44906572 | H37: 0.24914152 | I37: 0.28508256 | J37: 0.38551433 | K37: 0.19834507 | L37: 0.2922519 | M37: 0.36621325 | N37: 55
C38: A | D38: Serv | E38: 0.16096426 | F38: 0.16098913 | G38: 1.1866305 | H38: 0.2426696 | I38: 0.27162889 | J38: 0.20593716 | K38: 0.23314113 | L38: 0.22869829 | M38: 0.30966204 | N38: 47
C39: B | D39: =+D36 -> Agr | E39: 0.4694894 | F39: 0.42979984 | G39: 0.50026322 | H39: 1.4082652 | I39: 0.59296552 | J39: 0.47360784 | K39: 0.42917418 | L39: 0.50129475 | M39: 0.55237411 | N39: 82
C40: B | D40: =+D37 -> Ind | E40: 0.27827723 | F40: 0.24820394 | G40: 0.33029476 | H40: 0.284956 | I40: 1.3995953 | J40: 0.26778154 | K40: 0.31054186 | L40: 0.25504175 | M40: 0.40329378 | N40: 50
C41: B | D41: =+D38 -> Serv | E41: 0.24935171 | F41: 0.25257975 | G41: 0.28900631 | H41: 0.17116188 | I41: 0.36899675 | J41: 1.2017562 | K41: 0.16782505 | L41: 0.27111308 | M41: 0.21882465 | N41: 55
C42: C | D42: =+D39 -> Agr | E42: 0.35214837 | F42: 0.4808315 | G42: 0.54248305 | H42: 0.42036737 | I42: 0.55309703 | J42: 0.29794582 | K42: 1.3766391 | L42: 0.46591317 | M42: 0.52551987 | N42: 79
C43: C | D43: =+D40 -> Ind | E43: 0.1889523 | F43: 0.33840247 | G43: 0.22055756 | H43: 0.28461936 | I43: 0.19938771 | J43: 0.1723962 | K43: 0.26168767 | L43: 1.3619713 | M43: 0.22783339 | N43: 65
C44: C | D44: =+D41 -> Serv | E44: 0.32278456 | F44: 0.19408334 | G44: 0.29864604 | H44: 0.27809522 | I44: 0.17937872 | J44: 0.16864275 | K44: 0.18317972 | L44: 0.17731814 | M44: 1.3178106 | N44: 60
C46: Demand shock | E46: d_shock | F46: 1-d_shock | G46: FD | H46: fd_max | J46: Supply shock | L46: p_shock | M46: 1-p_shock | N46: X | O46: x_max
C47: A | D47: Agr | E47: =+IO_sub_model!E47+IO_sub_model!B188+'IO_sub_model - t+1'!B188+'IO_sub_model - t+2'!B188 -> 0 | F47: =1-E47 -> 1 | G47: {=+N5:N13} -> 25 | H47: =+G47*F47 -> 25 | J47: A | K47: Agr | L47: =+IO_sub_model!L47 -> 0.2 | M47: =1-L47 -> 0.8 | N47: {=+O5:O13} -> 71 | O47: =+N47*M47 -> 56.8
C48: A | D48: Ind | E48: =+IO_sub_model!E48+IO_sub_model!B189+'IO_sub_model - t+1'!B189+'IO_sub_model - t+2'!B189 -> 0.39717425 | F48: =1-E48 -> 0.60282575 | G48: 7 | H48: =+G48*F48 -> 4.2197802 | J48: A | K48: Ind | L48: =+IO_sub_model!L48 -> 0 | M48: =1-L48 -> 1 | N48: 55 | O48: =+N48*M48 -> 55
C49: A | D49: Serv | E49: =+IO_sub_model!E49+IO_sub_model!B190+'IO_sub_model - t+1'!B190+'IO_sub_model - t+2'!B190 -> 0.17522335 | F49: =1-E49 -> 0.82477665 | G49: 14 | H49: =+G49*F49 -> 11.546873 | J49: A | K49: Serv | L49: =+IO_sub_model!L49 -> 0 | M49: =1-L49 -> 1 | N49: 47 | O49: =+N49*M49 -> 47
C50: B | D50: =+D47 -> Agr | E50: =+IO_sub_model!E50+IO_sub_model!B191+'IO_sub_model - t+1'!B191+'IO_sub_model - t+2'!B191 -> 0.80832369 | F50: =1-E50 -> 0.19167631 | G50: 10 | H50: =+G50*F50 -> 1.9167631 | J50: B | K50: =+K47 -> Agr | L50: =+IO_sub_model!L50 -> 0 | M50: =1-L50 -> 1 | N50: 82 | O50: =+N50*M50 -> 82
C51: B | D51: =+D48 -> Ind | E51: =+IO_sub_model!E51+IO_sub_model!B192+'IO_sub_model - t+1'!B192+'IO_sub_model - t+2'!B192 -> 0.51214782 | F51: =1-E51 -> 0.48785218 | G51: 5 | H51: =+G51*F51 -> 2.4392609 | J51: B | K51: =+K48 -> Ind | L51: =+IO_sub_model!L51 -> 0 | M51: =1-L51 -> 1 | N51: 50 | O51: =+N51*M51 -> 50
C52: B | D52: =+D49 -> Serv | E52: =+IO_sub_model!E52+IO_sub_model!B193+'IO_sub_model - t+1'!B193+'IO_sub_model - t+2'!B193 -> 0.13901099 | F52: =1-E52 -> 0.86098901 | G52: 20 | H52: =+G52*F52 -> 17.21978 | J52: B | K52: =+K49 -> Serv | L52: =+IO_sub_model!L52 -> 0 | M52: =1-L52 -> 1 | N52: 55 | O52: =+N52*M52 -> 55
C53: C | D53: =+D50 -> Agr | E53: =+IO_sub_model!E53+IO_sub_model!B194+'IO_sub_model - t+1'!B194+'IO_sub_model - t+2'!B194 -> 0.44075912 | F53: =1-E53 -> 0.55924088 | G53: 15 | H53: =+G53*F53 -> 8.3886133 | J53: C | K53: =+K50 -> Agr | L53: =+IO_sub_model!L53 -> 0 | M53: =1-L53 -> 1 | N53: 79 | O53: =+N53*M53 -> 79
C54: C | D54: =+D51 -> Ind | E54: =+IO_sub_model!E54+IO_sub_model!B195+'IO_sub_model - t+1'!B195+'IO_sub_model - t+2'!B195 -> 0.11877431 | F54: =1-E54 -> 0.88122569 | G54: 28 | H54: =+G54*F54 -> 24.674319 | J54: C | K54: =+K51 -> Ind | L54: =+IO_sub_model!L54 -> 0 | M54: =1-L54 -> 1 | N54: 65 | O54: =+N54*M54 -> 65
C55: C | D55: =+D52 -> Serv | E55: =+IO_sub_model!E55+IO_sub_model!B196+'IO_sub_model - t+1'!B196+'IO_sub_model - t+2'!B196 -> 0.12637363 | F55: =1-E55 -> 0.87362637 | G55: 24 | H55: =+G55*F55 -> 20.967033 | J55: C | K55: =+K52 -> Serv | L55: =+IO_sub_model!L55 -> 0 | M55: =1-L55 -> 1 | N55: 60 | O55: =+N55*M55 -> 60
G56: =SUM(G47:G55) -> 148 | H56: =SUM(H47:H55) -> 116.37242 | N56: =SUM(N47:N55) -> 564 | O56: =SUM(O47:O55) -> 549.8
H57: =+H56-G56 -> -31.627577 | O57: =+O56-N56 -> -14.2
A59: Step 1-2 | E59: x_md | F59: {=+O46:O55} -> x_max | G59: r
C60: A | D60: Agr | E60: {=+MMULT(_xlfn.ANCHORARRAY(E36),H47:H55)} -> 62.564963 | F60: 56.8 | G60: =+MIN(F60/E60,1) -> 0.90785636
C61: A | D61: Ind | E61: 43.188685 | F61: 55 | G61: =+MIN(F61/E61,1) -> 1
C62: A | D62: Serv | E62: 37.170624 | F62: 47 | G62: =+MIN(F62/E62,1) -> 1
C63: B | D63: =+D60 -> Agr | E63: 59.179432 | F63: 82 | G63: =+MIN(F63/E63,1) -> 1
C64: B | D64: =+D61 -> Ind | E64: 37.74335 | F64: 50 | G64: =+MIN(F64/E64,1) -> 1
C65: B | D65: =+D62 -> Serv | E65: 45.244331 | F65: 55 | G65: =+MIN(F65/E65,1) -> 1
C66: C | D66: =+D63 -> Agr | E66: 58.444925 | F66: 79 | G66: =+MIN(F66/E66,1) -> 1
C67: C | D67: =+D64 -> Ind | E67: 53.276975 | F67: 65 | G67: =+MIN(F67/E67,1) -> 1
C68: C | D68: =+D65 -> Serv | E68: 49.754022 | F68: 60 | G68: =+MIN(F68/E68,1) -> 1
A70: Step 3 | E70: A | F70: A | G70: A | H70: B | I70: B | J70: B | K70: C | L70: C | M70: C
E71: Agr | F71: Ind | G71: Serv | H71: Agr | I71: Ind | J71: Serv | K71: Agr | L71: Ind | M71: Serv
C72: bottlneck | D72: s | E72: {=+MIN(_xlfn._xlws.FILTER($G$60:$G$68,E21:E29>0))} -> 0.90785636 | F72: {=+MIN(_xlfn._xlws.FILTER($G$60:$G$68,F21:F29>0))} -> 0.90785636 | G72: {=+MIN(_xlfn._xlws.FILTER($G$60:$G$68,G21:G29>0))} -> 0.90785636 | H72: {=+MIN(_xlfn._xlws.FILTER($G$60:$G$68,H21:H29>0))} -> 0.90785636 | I72: {=+MIN(_xlfn._xlws.FILTER($G$60:$G$68,I21:I29>0))} -> 1 | J72: {=+MIN(_xlfn._xlws.FILTER($G$60:$G$68,J21:J29>0))} -> 0.90785636 | K72: {=+MIN(_xlfn._xlws.FILTER($G$60:$G$68,K21:K29>0))} -> 0.90785636 | L72: {=+MIN(_xlfn._xlws.FILTER($G$60:$G$68,L21:L29>0))} -> 0.90785636 | M72: {=+MIN(_xlfn._xlws.FILTER($G$60:$G$68,M21:M29>0))} -> 0.90785636
C73: supply | D73: 1-p_shock | E73: {=+TRANSPOSE(M47:M55)} -> 0.8 | F73: 1 | G73: 1 | H73: 1 | I73: 1 | J73: 1 | K73: 1 | L73: 1 | M73: 1
D74: constraint | E74: =+MIN(E72:E73) -> 0.8 | F74: =+MIN(F72:F73) -> 0.90785636 | G74: =+MIN(G72:G73) -> 0.90785636 | H74: =+MIN(H72:H73) -> 0.90785636 | I74: =+MIN(I72:I73) -> 1 | J74: =+MIN(J72:J73) -> 0.90785636 | K74: =+MIN(K72:K73) -> 0.90785636 | L74: =+MIN(L72:L73) -> 0.90785636 | M74: =+MIN(M72:M73) -> 0.90785636
A76: Step 4 | E76: A | F76: A | G76: A | H76: B | I76: B | J76: B | K76: C | L76: C | M76: C
D77: Z_cons | E77: Agr | F77: Ind | G77: Serv | H77: Agr | I77: Ind | J77: Serv | K77: Agr | L77: Ind | M77: Serv
B78: {=+TRANSPOSE(E74:M74)} -> 0.8 | C78: A | D78: Agr | E78: =+E5*$B78 -> 8 | F78: =+F5*$B78 -> 4 | G78: =+G5*$B78 -> 8 | H78: =+H5*$B78 -> 0.8 | I78: =+I5*$B78 -> 0 | J78: =+J5*$B78 -> 6.4 | K78: =+K5*$B78 -> 2.4 | L78: =+L5*$B78 -> 5.6 | M78: =+M5*$B78 -> 1.6
B79: 0.90785636 | C79: A | D79: Ind | E79: =+E6*$B79 -> 7.2628509 | F79: =+F6*$B79 -> 2.7235691 | G79: =+G6*$B79 -> 8.1707072 | H79: =+H6*$B79 -> 3.6314254 | I79: =+I6*$B79 -> 1.8157127 | J79: =+J6*$B79 -> 9.0785636 | K79: =+K6*$B79 -> 0.90785636 | L79: =+L6*$B79 -> 3.6314254 | M79: =+M6*$B79 -> 6.3549945
B80: 0.90785636 | C80: A | D80: Serv | E80: =+E7*$B80 -> 0 | F80: =+F7*$B80 -> 0 | G80: =+G7*$B80 -> 0 | H80: =+H7*$B80 -> 6.3549945 | I80: =+I7*$B80 -> 3.6314254 | J80: =+J7*$B80 -> 3.6314254 | K80: =+K7*$B80 -> 6.3549945 | L80: =+L7*$B80 -> 3.6314254 | M80: =+M7*$B80 -> 6.3549945
B81: 0.90785636 | C81: B | D81: =+D78 -> Agr | E81: =+E8*$B81 -> 8.1707072 | F81: =+F8*$B81 -> 4.5392818 | G81: =+G8*$B81 -> 3.6314254 | H81: =+H8*$B81 -> 6.3549945 | I81: =+I8*$B81 -> 9.0785636 | J81: =+J8*$B81 -> 8.1707072 | K81: =+K8*$B81 -> 9.0785636 | L81: =+L8*$B81 -> 8.1707072 | M81: =+M8*$B81 -> 8.1707072
B82: 1 | C82: B | D82: =+D79 -> Ind | E82: =+E9*$B82 -> 4 | F82: =+F9*$B82 -> 2 | G82: =+G9*$B82 -> 3 | H82: =+H9*$B82 -> 6 | I82: =+I9*$B82 -> 7 | J82: =+J9*$B82 -> 4 | K82: =+K9*$B82 -> 9 | L82: =+L9*$B82 -> 2 | M82: =+M9*$B82 -> 8
B83: 0.90785636 | C83: B | D83: =+D80 -> Serv | E83: =+E10*$B83 -> 5.4471382 | F83: =+F10*$B83 -> 4.5392818 | G83: =+G10*$B83 -> 3.6314254 | H83: =+H10*$B83 -> 0.90785636 | I83: =+I10*$B83 -> 8.1707072 | J83: =+J10*$B83 -> 1.8157127 | K83: =+K10*$B83 -> 0.90785636 | L83: =+L10*$B83 -> 5.4471382 | M83: =+M10*$B83 -> 0.90785636
B84: 0.90785636 | C84: C | D84: =+D81 -> Agr | E84: =+E11*$B84 -> 2.7235691 | F84: =+F11*$B84 -> 9.0785636 | G84: =+G11*$B84 -> 7.2628509 | H84: =+H11*$B84 -> 8.1707072 | I84: =+I11*$B84 -> 9.0785636 | J84: =+J11*$B84 -> 0 | K84: =+K11*$B84 -> 6.3549945 | L84: =+L11*$B84 -> 8.1707072 | M84: =+M11*$B84 -> 7.2628509
B85: 0.90785636 | C85: C | D85: =+D82 -> Ind | E85: =+E12*$B85 -> 0.90785636 | F85: =+F12*$B85 -> 7.2628509 | G85: =+G12*$B85 -> 0 | H85: =+H12*$B85 -> 8.1707072 | I85: =+I12*$B85 -> 0 | J85: =+J12*$B85 -> 0 | K85: =+K12*$B85 -> 7.2628509 | L85: =+L12*$B85 -> 9.0785636 | M85: =+M12*$B85 -> 0.90785636
B86: 0.90785636 | C86: C | D86: =+D83 -> Serv | E86: =+E13*$B86 -> 9.0785636 | F86: =+F13*$B86 -> 1.8157127 | G86: =+G13*$B86 -> 3.6314254 | H86: =+H13*$B86 -> 9.0785636 | I86: =+I13*$B86 -> 0 | J86: =+J13*$B86 -> 0 | K86: =+K13*$B86 -> 2.7235691 | L86: =+L13*$B86 -> 0 | M86: =+M13*$B86 -> 6.3549945
N87: =+SUM(E78:M86) -> 376.85332
D88: {=+TRANSPOSE(E59:F68)} -> x_md | E88: 62.564963 | F88: 43.188685 | G88: 37.170624 | H88: 59.179432 | I88: 37.74335 | J88: 45.244331 | K88: 58.444925 | L88: 53.276975 | M88: 49.754022
D89: x_max | E89: 56.8 | F89: 55 | G89: 47 | H89: 82 | I89: 50 | J89: 55 | K89: 79 | L89: 65 | M89: 60
D90: x_tilde | E90: =+MIN(E88:E89) -> 56.8 | F90: =+MIN(F88:F89) -> 43.188685 | G90: =+MIN(G88:G89) -> 37.170624 | H90: =+MIN(H88:H89) -> 59.179432 | I90: =+MIN(I88:I89) -> 37.74335 | J90: =+MIN(J88:J89) -> 45.244331 | K90: =+MIN(K88:K89) -> 58.444925 | L90: =+MIN(L88:L89) -> 53.276975 | M90: =+MIN(M88:M89) -> 49.754022 | N90: =+SUM(E90:M90) -> 440.80234
A92: Step 5 | E92: A | F92: A | G92: A | H92: B | I92: B | J92: B | K92: C | L92: C | M92: C
C93: Only demand and supply constraints apply, no bottlenecks | D93: Z_need | E93: Agr | F93: Ind | G93: Serv | H93: Agr | I93: Ind | J93: Serv | K93: Agr | L93: Ind | M93: Serv
C94: A | D94: Agr | E94: =+E21*E$88 -> 8.8119667 | F94: =+F21*F$88 -> 3.9262441 | G94: =+G21*G$88 -> 7.9086434 | H94: =+H21*H$88 -> 0.72170039 | I94: =+I21*I$88 -> 0 | J94: =+J21*J$88 -> 6.5809936 | K94: =+K21*K$88 -> 2.2194275 | L94: =+L21*L$88 -> 5.7375204 | M94: =+M21*M$88 -> 1.6584674
C95: A | D95: Ind | E95: =+E22*E$88 -> 7.0495733 | F95: =+F22*F$88 -> 2.3557464 | G95: =+G22*G$88 -> 7.117779 | H95: =+H22*H$88 -> 2.8868016 | I95: =+I22*I$88 -> 1.509734 | J95: =+J22*J$88 -> 8.226242 | K95: =+K22*K$88 -> 0.73980918 | L95: =+L22*L$88 -> 3.2785831 | M95: =+M22*M$88 -> 5.8046359
C96: A | D96: Serv | E96: =+E23*E$88 -> 0 | F96: =+F23*F$88 -> 0 | G96: =+G23*G$88 -> 0 | H96: =+H23*H$88 -> 5.0519027 | I96: =+I23*I$88 -> 3.019468 | J96: =+J23*J$88 -> 3.2904968 | K96: =+K23*K$88 -> 5.1786643 | L96: =+L23*L$88 -> 3.2785831 | M96: =+M23*M$88 -> 5.8046359
C97: B | D97: =+D94 -> Agr | E97: =+E24*E$88 -> 7.93077 | F97: =+F24*F$88 -> 3.9262441 | G97: =+G24*G$88 -> 3.1634573 | H97: =+H24*H$88 -> 5.0519027 | I97: =+I24*I$88 -> 7.54867 | J97: =+J24*J$88 -> 7.4036178 | K97: =+K24*K$88 -> 7.3980918 | L97: =+L24*L$88 -> 7.3768119 | M97: =+M24*M$88 -> 7.4631033
C98: B | D98: =+D95 -> Ind | E98: =+E25*E$88 -> 3.5247867 | F98: =+F25*F$88 -> 1.5704976 | G98: =+G25*G$88 -> 2.372593 | H98: =+H25*H$88 -> 4.3302023 | I98: =+I25*I$88 -> 5.284069 | J98: =+J25*J$88 -> 3.2904968 | K98: =+K25*K$88 -> 6.6582826 | L98: =+L25*L$88 -> 1.6392915 | M98: =+M25*M$88 -> 6.6338696
C99: B | D99: =+D96 -> Serv | E99: =+E26*E$88 -> 5.28718 | F99: =+F26*F$88 -> 3.9262441 | G99: =+G26*G$88 -> 3.1634573 | H99: =+H26*H$88 -> 0.72170039 | I99: =+I26*I$88 -> 6.793803 | J99: =+J26*J$88 -> 1.6452484 | K99: =+K26*K$88 -> 0.73980918 | L99: =+L26*L$88 -> 4.9178746 | M99: =+M26*M$88 -> 0.8292337
C100: C | D100: =+D97 -> Agr | E100: =+E27*E$88 -> 2.64359 | F100: =+F27*F$88 -> 7.8524881 | G100: =+G27*G$88 -> 6.3269147 | H100: =+H27*H$88 -> 6.4953035 | I100: =+I27*I$88 -> 7.54867 | J100: =+J27*J$88 -> 0 | K100: =+K27*K$88 -> 5.1786643 | L100: =+L27*L$88 -> 7.3768119 | M100: =+M27*M$88 -> 6.6338696
C101: C | D101: =+D98 -> Ind | E101: =+E28*E$88 -> 0.88119667 | F101: =+F28*F$88 -> 6.2819905 | G101: =+G28*G$88 -> 0 | H101: =+H28*H$88 -> 6.4953035 | I101: =+I28*I$88 -> 0 | J101: =+J28*J$88 -> 0 | K101: =+K28*K$88 -> 5.9184735 | L101: =+L28*L$88 -> 8.1964577 | M101: =+M28*M$88 -> 0.8292337
C102: C | D102: =+D99 -> Serv | E102: =+E29*E$88 -> 8.8119667 | F102: =+F29*F$88 -> 1.5704976 | G102: =+G29*G$88 -> 3.1634573 | H102: =+H29*H$88 -> 7.2170039 | I102: =+I29*I$88 -> 0 | J102: =+J29*J$88 -> 0 | K102: =+K29*K$88 -> 2.2194275 | L102: =+L29*L$88 -> 0 | M102: =+M29*M$88 -> 5.8046359
N103: =+SUM(E94:M102) -> 330.19488
E104: A | F104: A | G104: A | H104: B | I104: B | J104: B | K104: C | L104: C | M104: C
D105: exD | E105: Agr | F105: Ind | G105: Serv | H105: Agr | I105: Ind | J105: Serv | K105: Agr | L105: Ind | M105: Serv
C106: A | D106: Agr | E106: =+MAX(E94-E78,0) -> 0.81196668 | F106: =+MAX(F94-F78,0) -> 0 | G106: =+MAX(G94-G78,0) -> 0 | H106: =+MAX(H94-H78,0) -> 0 | I106: =+MAX(I94-I78,0) -> 0 | J106: =+MAX(J94-J78,0) -> 0.18099359 | K106: =+MAX(K94-K78,0) -> 0 | L106: =+MAX(L94-L78,0) -> 0.13752036 | M106: =+MAX(M94-M78,0) -> 0.058467399 | N106: =+SUM(E106:M106) -> 1.188948
C107: A | D107: Ind | E107: =+MAX(E95-E79,0) -> 0 | F107: =+MAX(F95-F79,0) -> 0 | G107: =+MAX(G95-G79,0) -> 0 | H107: =+MAX(H95-H79,0) -> 0 | I107: =+MAX(I95-I79,0) -> 0 | J107: =+MAX(J95-J79,0) -> 0 | K107: =+MAX(K95-K79,0) -> 0 | L107: =+MAX(L95-L79,0) -> 0 | M107: =+MAX(M95-M79,0) -> 0 | N107: =+SUM(E107:M107) -> 0
C108: A | D108: Serv | E108: =+MAX(E96-E80,0) -> 0 | F108: =+MAX(F96-F80,0) -> 0 | G108: =+MAX(G96-G80,0) -> 0 | H108: =+MAX(H96-H80,0) -> 0 | I108: =+MAX(I96-I80,0) -> 0 | J108: =+MAX(J96-J80,0) -> 0 | K108: =+MAX(K96-K80,0) -> 0 | L108: =+MAX(L96-L80,0) -> 0 | M108: =+MAX(M96-M80,0) -> 0 | N108: =+SUM(E108:M108) -> 0
C109: B | D109: =+D106 -> Agr | E109: =+MAX(E97-E81,0) -> 0 | F109: =+MAX(F97-F81,0) -> 0 | G109: =+MAX(G97-G81,0) -> 0 | H109: =+MAX(H97-H81,0) -> 0 | I109: =+MAX(I97-I81,0) -> 0 | J109: =+MAX(J97-J81,0) -> 0 | K109: =+MAX(K97-K81,0) -> 0 | L109: =+MAX(L97-L81,0) -> 0 | M109: =+MAX(M97-M81,0) -> 0 | N109: =+SUM(E109:M109) -> 0
C110: B | D110: =+D107 -> Ind | E110: =+MAX(E98-E82,0) -> 0 | F110: =+MAX(F98-F82,0) -> 0 | G110: =+MAX(G98-G82,0) -> 0 | H110: =+MAX(H98-H82,0) -> 0 | I110: =+MAX(I98-I82,0) -> 0 | J110: =+MAX(J98-J82,0) -> 0 | K110: =+MAX(K98-K82,0) -> 0 | L110: =+MAX(L98-L82,0) -> 0 | M110: =+MAX(M98-M82,0) -> 0 | N110: =+SUM(E110:M110) -> 0
...

Sheet IO_sub_model (2)
E3: A | F3: A | G3: A | H3: B | I3: B | J3: B | K3: C | L3: C | M3: C
D4: Z | E4: Agr | F4: Ind | G4: Serv | H4: Agr | I4: Ind | J4: Serv | K4: Agr | L4: Ind | M4: Serv | N4: FD_implied | O4: X_s | P4: AX | Q4: X
C5: A | D5: Agr | E5: =+IO_sub_model!E150 -> 8 | F5: =+IO_sub_model!F150 -> 4 | G5: =+IO_sub_model!G150 -> 8 | H5: =+IO_sub_model!H150 -> 0.8 | I5: =+IO_sub_model!I150 -> 0 | J5: =+IO_sub_model!J150 -> 6.4 | K5: =+IO_sub_model!K150 -> 2.4 | L5: =+IO_sub_model!L150 -> 5.6 | M5: =+IO_sub_model!M150 -> 1.6 | N5: =+O5-SUM(E5:M5) -> 30.610989 | O5: {=+TRANSPOSE(_xlfn.ANCHORARRAY(E15))} -> 67.410989 | P5: {=+MMULT(E21:M29,O5:O13)} -> 36.8 | Q5: =+P5+N5 -> 67.410989 | R5: =+Q5=O5 -> TRUE
C6: A | D6: Ind | E6: =+IO_sub_model!E151 -> 7.4164706 | F6: =+IO_sub_model!F151 -> 3.6423529 | G6: =+IO_sub_model!G151 -> 8.2164706 | H6: =+IO_sub_model!H151 -> 4.6682353 | I6: =+IO_sub_model!I151 -> 1.8258824 | J6: =+IO_sub_model!J151 -> 9.1294118 | K6: =+IO_sub_model!K151 -> 1.8164706 | L6: =+IO_sub_model!L151 -> 4.7811765 | M6: =+IO_sub_model!M151 -> 6.5035294 | N6: =+O6-SUM(E6:M6) -> 4.2197802 | O6: 52.21978 | P6: 48 | Q6: =+P6+N6 -> 52.21978 | R6: =+Q6=O6 -> TRUE
C7: A | D7: Serv | E7: =+IO_sub_model!E152 -> 1.0153846 | F7: =+IO_sub_model!F152 -> 0.44423077 | G7: =+IO_sub_model!G152 -> 0.50769231 | H7: =+IO_sub_model!H152 -> 6.7423077 | I7: =+IO_sub_model!I152 -> 4.025 | J7: =+IO_sub_model!J152 -> 3.5807692 | K7: =+IO_sub_model!K152 -> 6.2980769 | L7: =+IO_sub_model!L152 -> 3.8346154 | M7: =+IO_sub_model!M152 -> 6.5519231 | N7: =+O7-SUM(E7:M7) -> 11.624176 | O7: 44.624176 | P7: 33 | Q7: =+P7+N7 -> 44.624176 | R7: =+Q7=O7 -> TRUE
C8: B | D8: =+D5 -> Agr | E8: =+IO_sub_model!E153 -> 8.9406593 | F8: =+IO_sub_model!F153 -> 5.5824176 | G8: =+IO_sub_model!G153 -> 4.9406593 | H8: =+IO_sub_model!H153 -> 6.9450549 | I8: =+IO_sub_model!I153 -> 9.5824176 | J8: =+IO_sub_model!J153 -> 8.5450549 | K8: =+IO_sub_model!K153 -> 9.5824176 | L8: =+IO_sub_model!L153 -> 9.178022 | M8: =+IO_sub_model!M153 -> 8.7032967 | N8: =+O8-SUM(E8:M8) -> 5.8549451 | O8: 77.854945 | P8: 72 | Q8: =+P8+N8 -> 77.854945 | R8: =+Q8=O8 -> TRUE
C9: B | D9: =+D6 -> Ind | E9: =+IO_sub_model!E154 -> 4 | F9: =+IO_sub_model!F154 -> 2 | G9: =+IO_sub_model!G154 -> 3 | H9: =+IO_sub_model!H154 -> 6 | I9: =+IO_sub_model!I154 -> 7 | J9: =+IO_sub_model!J154 -> 4 | K9: =+IO_sub_model!K154 -> 9 | L9: =+IO_sub_model!L154 -> 2 | M9: =+IO_sub_model!M154 -> 8 | N9: =+O9-SUM(E9:M9) -> 2.4725275 | O9: 47.472527 | P9: 45 | Q9: =+P9+N9 -> 47.472527 | R9: =+Q9=O9 -> TRUE
C10: B | D10: =+D7 -> Serv | E10: =+IO_sub_model!E155 -> 5.8769231 | F10: =+IO_sub_model!F155 -> 4.4711538 | G10: =+IO_sub_model!G155 -> 3.7384615 | H10: =+IO_sub_model!H155 -> 2.0115385 | I10: =+IO_sub_model!I155 -> 8.075 | J10: =+IO_sub_model!J155 -> 2.0038462 | K10: =+IO_sub_model!K155 -> 1.5403846 | L10: =+IO_sub_model!L155 -> 5.4730769 | M10: =+IO_sub_model!M155 -> 1.8096154 | N10: =+O10-SUM(E10:M10) -> 17.21978 | O10: 52.21978 | P10: 35 | Q10: =+P10+N10 -> 52.21978 | R10: =+Q10=O10 -> TRUE
C11: C | D11: =+D8 -> Agr | E11: =+IO_sub_model!E156 -> 3.9472527 | F11: =+IO_sub_model!F156 -> 9.4065934 | G11: =+IO_sub_model!G156 -> 7.9472527 | H11: =+IO_sub_model!H156 -> 8.3956044 | I11: =+IO_sub_model!I156 -> 9.4065934 | J11: =+IO_sub_model!J156 -> 1.1956044 | K11: =+IO_sub_model!K156 -> 7.0065934 | L11: =+IO_sub_model!L156 -> 8.9582418 | M11: =+IO_sub_model!M156 -> 7.7362637 | N11: =+O11-SUM(E11:M11) -> 11.006593 | O11: 75.006593 | P11: 64 | Q11: =+P11+N11 -> 75.006593 | R11: =+Q11=O11 -> TRUE
C12: C | D12: =+D9 -> Ind | E12: =+IO_sub_model!E157 -> 1.5835294 | F12: =+IO_sub_model!F157 -> 7.3576471 | G12: =+IO_sub_model!G157 -> 0.78352941 | H12: =+IO_sub_model!H157 -> 8.3317647 | I12: =+IO_sub_model!I157 -> 0.17411765 | J12: =+IO_sub_model!J157 -> 0.87058824 | K12: =+IO_sub_model!K157 -> 7.1835294 | L12: =+IO_sub_model!L157 -> 9.2188235 | M12: =+IO_sub_model!M157 -> 1.4964706 | N12: =+O12-SUM(E12:M12) -> 24.714286 | O12: 61.714286 | P12: 37 | Q12: =+P12+N12 -> 61.714286 | R12: =+Q12=O12 -> TRUE
C13: C | D13: =+D10 -> Serv | E13: =+IO_sub_model!E158 -> 9.1076923 | F13: =+IO_sub_model!F158 -> 2.0846154 | G13: =+IO_sub_model!G158 -> 3.7538462 | H13: =+IO_sub_model!H158 -> 9.2461538 | I13: =+IO_sub_model!I158 -> 0.9 | J13: =+IO_sub_model!J158 -> 0.41538462 | K13: =+IO_sub_model!K158 -> 3.1615385 | L13: =+IO_sub_model!L158 -> 0.69230769 | M13: =+IO_sub_model!M158 -> 6.6384615 | N13: =+O13-SUM(E13:M13) -> 20.967033 | O13: 56.967033 | P13: 36 | Q13: =+P13+N13 -> 56.967033 | R13: =+Q13=O13 -> TRUE
D14: VA | E14: =+E15-SUM(E5:E13) -> 17.523077 | F14: =+F15-SUM(F5:F13) -> 13.230769 | G14: =+G15-SUM(G5:G13) -> 3.7362637 | H14: =+H15-SUM(H5:H13) -> 24.714286 | I14: =+I15-SUM(I5:I13) -> 6.4835165 | J14: =+J15-SUM(J5:J13) -> 16.079121 | K14: =+K15-SUM(K5:K13) -> 27.017582 | L14: =+L15-SUM(L5:L13) -> 11.978022 | M14: =+M15-SUM(M5:M13) -> 7.9274725 | N14: =+SUM(E5:M13) -> 406.8
D15: X | E15: {=+IO_sub_model!E184:M184} -> 67.410989 | F15: 52.21978 | G15: 44.624176 | H15: 77.854945 | I15: 47.472527 | J15: 52.21978 | K15: 75.006593 | L15: 61.714286 | M15: 56.967033
E16: {=+TRANSPOSE(O5:O13)} -> 67.410989 | F16: 52.21978 | G16: 44.624176 | H16: 77.854945 | I16: 47.472527 | J16: 52.21978 | K16: 75.006593 | L16: 61.714286 | M16: 56.967033
E17: =+E15-E16 -> 0 | F17: =+F15-F16 -> 0 | G17: =+G15-G16 -> 0 | H17: =+H15-H16 -> 0 | I17: =+I15-I16 -> 0 | J17: =+J15-J16 -> 0 | K17: =+K15-K16 -> 0 | L17: =+L15-L16 -> 0 | M17: =+M15-M16 -> 0
E19: A | F19: A | G19: A | H19: B | I19: B | J19: B | K19: C | L19: C | M19: C
D20: A | E20: Agr | F20: Ind | G20: Serv | H20: Agr | I20: Ind | J20: Serv | K20: Agr | L20: Ind | M20: Serv
C21: A | D21: Agr | E21: =+IO_sub_model!E200 -> 0.11867501 | F21: =+IO_sub_model!F200 -> 0.076599327 | G21: =+IO_sub_model!G200 -> 0.17927502 | H21: =+IO_sub_model!H200 -> 0.010275519 | I21: =+IO_sub_model!I200 -> 0 | J21: =+IO_sub_model!J200 -> 0.12255892 | K21: =+IO_sub_model!K200 -> 0.031997187 | L21: =+IO_sub_model!L200 -> 0.090740741 | M21: =+IO_sub_model!M200 -> 0.02808642
C22: A | D22: Ind | E22: =+IO_sub_model!E201 -> 0.11001872 | F22: =+IO_sub_model!F201 -> 0.069750446 | G22: =+IO_sub_model!G201 -> 0.18412599 | H22: =+IO_sub_model!H201 -> 0.059960678 | I22: =+IO_sub_model!I201 -> 0.038461874 | J22: =+IO_sub_model!J201 -> 0.1748267 | K22: =+IO_sub_model!K201 -> 0.024217479 | L22: =+IO_sub_model!L201 -> 0.077472767 | M22: =+IO_sub_model!M201 -> 0.11416304
C23: A | D23: Serv | E23: =+IO_sub_model!E202 -> 0.015062598 | F23: =+IO_sub_model!F202 -> 0.0085069444 | G23: =+IO_sub_model!G202 -> 0.011377069 | H23: =+IO_sub_model!H202 -> 0.086600892 | I23: =+IO_sub_model!I202 -> 0.08478588 | J23: =+IO_sub_model!J202 -> 0.068571128 | K23: =+IO_sub_model!K202 -> 0.083966977 | L23: =+IO_sub_model!L202 -> 0.062134972 | M23: =+IO_sub_model!M202 -> 0.11501254
C24: B | D24: =+D21 -> Agr | E24: =+IO_sub_model!E203 -> 0.13262911 | F24: =+IO_sub_model!F203 -> 0.10690236 | G24: =+IO_sub_model!G203 -> 0.1107171 | H24: =+IO_sub_model!H203 -> 0.089205059 | I24: =+IO_sub_model!I203 -> 0.20185185 | J24: =+IO_sub_model!J203 -> 0.16363636 | K24: =+IO_sub_model!K203 -> 0.12775434 | L24: =+IO_sub_model!L203 -> 0.14871795 | M24: =+IO_sub_model!M203 -> 0.15277778
C25: B | D25: =+D22 -> Ind | E25: =+IO_sub_model!E204 -> 0.059337507 | F25: =+IO_sub_model!F204 -> 0.038299663 | G25: =+IO_sub_model!G204 -> 0.067228132 | H25: =+IO_sub_model!H204 -> 0.077066396 | I25: =+IO_sub_model!I204 -> 0.1474537 | J25: =+IO_sub_model!J204 -> 0.076599327 | K25: =+IO_sub_model!K204 -> 0.11998945 | L25: =+IO_sub_model!L204 -> 0.032407407 | M25: =+IO_sub_model!M204 -> 0.1404321
C26: B | D26: =+D23 -> Serv | E26: =+IO_sub_model!E205 -> 0.08718049 | F26: =+IO_sub_model!F205 -> 0.085621843 | G26: =+IO_sub_model!G205 -> 0.083776596 | H26: =+IO_sub_model!H205 -> 0.025837003 | I26: =+IO_sub_model!I205 -> 0.17009838 | J26: =+IO_sub_model!J205 -> 0.038373316 | K26: =+IO_sub_model!K205 -> 0.020536656 | L26: =+IO_sub_model!L205 -> 0.088684117 | M26: =+IO_sub_model!M205 -> 0.031766011
C27: C | D27: =+D24 -> Agr | E27: =+IO_sub_model!E206 -> 0.058555034 | F27: =+IO_sub_model!F206 -> 0.18013468 | G27: =+IO_sub_model!G206 -> 0.17809299 | H27: =+IO_sub_model!H206 -> 0.1078365 | I27: =+IO_sub_model!I206 -> 0.19814815 | J27: =+IO_sub_model!J206 -> 0.022895623 | K27: =+IO_sub_model!K206 -> 0.093413033 | L27: =+IO_sub_model!L206 -> 0.1451567 | M27: =+IO_sub_model!M206 -> 0.13580247
C28: C | D28: =+D25 -> Ind | E28: =+IO_sub_model!E207 -> 0.023490672 | F28: =+IO_sub_model!F207 -> 0.1408977 | G28: =+IO_sub_model!G207 -> 0.017558406 | H28: =+IO_sub_model!H207 -> 0.10701651 | I28: =+IO_sub_model!I207 -> 0.003667756 | J28: =+IO_sub_model!J207 -> 0.016671618 | K28: =+IO_sub_model!K207 -> 0.095771973 | L28: =+IO_sub_model!L207 -> 0.14937908 | M28: =+IO_sub_model!M207 -> 0.026269063
C29: C | D29: =+D26 -> Serv | E29: =+IO_sub_model!E208 -> 0.13510694 | F29: =+IO_sub_model!F208 -> 0.039920034 | G29: =+IO_sub_model!G208 -> 0.084121355 | H29: =+IO_sub_model!H208 -> 0.11876129 | I29: =+IO_sub_model!I208 -> 0.018958333 | J29: =+IO_sub_model!J208 -> 0.0079545455 | K29: =+IO_sub_model!K208 -> 0.042150141 | L29: =+IO_sub_model!L208 -> 0.011217949 | M29: =+IO_sub_model!M208 -> 0.11653164
D30: VA | E30: =+E14/E$15 -> 0.25994392 | F30: =+F14/F$15 -> 0.253367 | G30: =+G14/G$15 -> 0.083727344 | H30: =+H14/H$15 -> 0.31744015 | I30: =+I14/I$15 -> 0.13657407 | J30: =+J14/J$15 -> 0.30791246 | K30: =+K14/K$15 -> 0.36020277 | L30: =+L14/L$15 -> 0.19408832 | M30: =+M14/M$15 -> 0.13915895
D31: X | E31: =SUM(E21:E30) -> 1 | F31: =SUM(F21:F30) -> 1 | G31: =SUM(G21:G30) -> 1 | H31: =SUM(H21:H30) -> 1 | I31: =SUM(I21:I30) -> 1 | J31: =SUM(J21:J30) -> 1 | K31: =SUM(K21:K30) -> 1 | L31: =SUM(L21:L30) -> 1 | M31: =SUM(M21:M30) -> 1
E34: A | F34: A | G34: A | H34: B | I34: B | J34: B | K34: C | L34: C | M34: C
D35: L | E35: Agr | F35: Ind | G35: Serv | H35: Agr | I35: Ind | J35: Serv | K35: Agr | L35: Ind | M35: Serv
C36: A | D36: Agr | E36: {=+MINVERSE(_xlfn.MUNIT(COUNTA($D$36:$D$44))-E21:M29)} -> 1.3054594 | F36: 0.26348041 | G36: 0.40818899 | H36: 0.18774468 | I36: 0.20970152 | J36: 0.30395018 | K36: 0.19529658 | L36: 0.30212832 | M36: 0.24442071
C37: A | D37: Ind | E37: 0.36949669 | F37: 1.3141597 | G37: 0.48824443 | H37: 0.30057826 | I37: 0.32908342 | J37: 0.41349827 | K37: 0.24480938 | L37: 0.35018544 | M37: 0.41232494
C38: A | D38: Serv | E38: 0.20843503 | F38: 0.1987327 | G38: 1.2383543 | H38: 0.27267592 | I38: 0.31212778 | J38: 0.23579115 | K38: 0.25633318 | L38: 0.26324635 | M38: 0.34599544
C39: B | D39: =+D36 -> Agr | E39: 0.53718634 | F39: 0.50426203 | G39: 0.59853673 | H39: 1.4734649 | I39: 0.66712378 | J39: 0.53350191 | K39: 0.48621674 | L39: 0.57691174 | M39: 0.63208244
C40: B | D40: =+D37 -> Ind | E40: 0.32345808 | F40: 0.29054865 | G40: 0.3834799 | H40: 0.32884204 | I40: 1.4579858 | J40: 0.3109533 | K40: 0.35427379 | L40: 0.30097431 | M40: 0.46095908
C41: B | D41: =+D38 -> Serv | E41: 0.28316784 | F41: 0.27598054 | G41: 0.32235897 | H41: 0.21436035 | I41: 0.39465155 | J41: 1.2292613 | K41: 0.2015136 | L41: 0.29751843 | M41: 0.27045317
C42: C | D42: =+D39 -> Agr | E42: 0.42917593 | F42: 0.54016576 | G42: 0.6238704 | H42: 0.4735028 | I42: 0.6220124 | J42: 0.3758766 | K42: 1.4325222 | L42: 0.53852778 | M42: 0.59514511
C43: C | D43: =+D40 -> Ind | E43: 0.23494841 | F43: 0.36694278 | G43: 0.28133164 | H43: 0.31423228 | I43: 0.24195297 | J43: 0.22273645 | K43: 0.28572124 | L43: 1.3944447 | M43: 0.27770135
C44: C | D44: =+D41 -> Serv | E44: 0.34134543 | F44: 0.22553363 | G44: 0.32732522 | H44: 0.30189633 | I44: 0.23392646 | J44: 0.19783658 | K44: 0.21208586 | L44: 0.2171814 | M44: 1.3500727
C46: Demand shock | E46: d_shock | F46: 1-d_shock | G46: FD | H46: fd_max | J46: Supply shock | L46: p_shock | M46: 1-p_shock | N46: X | O46: x_max
C47: A | D47: Agr | H47: {=+N5:N13} -> 30.610989 | J47: A | K47: Agr | L47: 0 | M47: =1-L47% -> 1 | N47: {=+_xlfn.ANCHORARRAY(O5)} -> 67.410989 | O47: {=+_xlfn.ANCHORARRAY(O5)} -> 67.410989
C48: A | D48: Ind | H48: 4.2197802 | J48: A | K48: Ind | M48: =1-L48% -> 1 | N48: 52.21978 | O48: 52.21978
C49: A | D49: Serv | H49: 11.624176 | J49: A | K49: Serv | M49: =1-L49% -> 1 | N49: 44.624176 | O49: 44.624176
C50: B | D50: =+D47 -> Agr | H50: 5.8549451 | J50: B | K50: =+K47 -> Agr | M50: =1-L50% -> 1 | N50: 77.854945 | O50: 77.854945
C51: B | D51: =+D48 -> Ind | H51: 2.4725275 | J51: B | K51: =+K48 -> Ind | M51: =1-L51% -> 1 | N51: 47.472527 | O51: 47.472527
C52: B | D52: =+D49 -> Serv | H52: 17.21978 | J52: B | K52: =+K49 -> Serv | M52: =1-L52% -> 1 | N52: 52.21978 | O52: 52.21978
C53: C | D53: =+D50 -> Agr | H53: 11.006593 | J53: C | K53: =+K50 -> Agr | M53: =1-L53% -> 1 | N53: 75.006593 | O53: 75.006593
C54: C | D54: =+D51 -> Ind | H54: 24.714286 | J54: C | K54: =+K51 -> Ind | M54: =1-L54% -> 1 | N54: 61.714286 | O54: 61.714286
C55: C | D55: =+D52 -> Serv | H55: 20.967033 | J55: C | K55: =+K52 -> Serv | M55: =1-L55% -> 1 | N55: 56.967033 | O55: 56.967033
G56: =SUM(G47:G55) -> 0 | H56: =SUM(H47:H55) -> 128.69011 | N56: =SUM(N47:N55) -> 535.49011 | O56: =SUM(O47:O55) -> 535.49011
A59: Step 1-2 | E59: x_md | F59: x_max | G59: r
C60: A | D60: Agr | E60: {=+IO_sub_model!F188:F196} -> 61.8 | F60: {=+_xlfn.ANCHORARRAY(O5)} -> 67.410989 | G60: =+MIN(F60/E60,1) -> 1
C61: A | D61: Ind | E61: 55 | F61: 52.21978 | G61: =+MIN(F61/E61,1) -> 0.94945055
C62: A | D62: Serv | E62: 47 | F62: 44.624176 | G62: =+MIN(F62/E62,1) -> 0.94945055
C63: B | D63: =+D60 -> Agr | E63: 82 | F63: 77.854945 | G63: =+MIN(F63/E63,1) -> 0.94945055
C64: B | D64: =+D61 -> Ind | E64: 50 | F64: 47.472527 | G64: =+MIN(F64/E64,1) -> 0.94945055
C65: B | D65: =+D62 -> Serv | E65: 55 | F65: 52.21978 | G65: =+MIN(F65/E65,1) -> 0.94945055
C66: C | D66: =+D63 -> Agr | E66: 79 | F66: 75.006593 | G66: =+MIN(F66/E66,1) -> 0.94945055
C67: C | D67: =+D64 -> Ind | E67: 65 | F67: 61.714286 | G67: =+MIN(F67/E67,1) -> 0.94945055
C68: C | D68: =+D65 -> Serv | E68: 60 | F68: 56.967033 | G68: =+MIN(F68/E68,1) -> 0.94945055
A70: Step 3 | E70: A | F70: A | G70: A | H70: B | I70: B | J70: B | K70: C | L70: C | M70: C
E71: Agr | F71: Ind | G71: Serv | H71: Agr | I71: Ind | J71: Serv | K71: Agr | L71: Ind | M71: Serv
C72: bottlneck | D72: s | E72: {=+MIN(_xlfn._xlws.FILTER($G$60:$G$68,E21:E29>0))} -> 0.94945055 | F72: {=+MIN(_xlfn._xlws.FILTER($G$60:$G$68,F21:F29>0))} -> 0.94945055 | G72: {=+MIN(_xlfn._xlws.FILTER($G$60:$G$68,G21:G29>0))} -> 0.94945055 | H72: {=+MIN(_xlfn._xlws.FILTER($G$60:$G$68,H21:H29>0))} -> 0.94945055 | I72: {=+MIN(_xlfn._xlws.FILTER($G$60:$G$68,I21:I29>0))} -> 0.94945055 | J72: {=+MIN(_xlfn._xlws.FILTER($G$60:$G$68,J21:J29>0))} -> 0.94945055 | K72: {=+MIN(_xlfn._xlws.FILTER($G$60:$G$68,K21:K29>0))} -> 0.94945055 | L72: {=+MIN(_xlfn._xlws.FILTER($G$60:$G$68,L21:L29>0))} -> 0.94945055 | M72: {=+MIN(_xlfn._xlws.FILTER($G$60:$G$68,M21:M29>0))} -> 0.94945055
C73: supply | D73: 1-p_shock | E73: {=+TRANSPOSE(M47:M55)} -> 1 | F73: 1 | G73: 1 | H73: 1 | I73: 1 | J73: 1 | K73: 1 | L73: 1 | M73: 1
D74: constraint | E74: =+MIN(E72:E73) -> 0.94945055 | F74: =+MIN(F72:F73) -> 0.94945055 | G74: =+MIN(G72:G73) -> 0.94945055 | H74: =+MIN(H72:H73) -> 0.94945055 | I74: =+MIN(I72:I73) -> 0.94945055 | J74: =+MIN(J72:J73) -> 0.94945055 | K74: =+MIN(K72:K73) -> 0.94945055 | L74: =+MIN(L72:L73) -> 0.94945055 | M74: =+MIN(M72:M73) -> 0.94945055
A76: Step 4 | E76: A | F76: A | G76: A | H76: B | I76: B | J76: B | K76: C | L76: C | M76: C
D77: Z_cons | E77: Agr | F77: Ind | G77: Serv | H77: Agr | I77: Ind | J77: Serv | K77: Agr | L77: Ind | M77: Serv
B78: {=+TRANSPOSE(E74:M74)} -> 0.94945055 | C78: A | D78: Agr | E78: =+E5*$B78 -> 7.5956044 | F78: =+F5*$B78 -> 3.7978022 | G78: =+G5*$B78 -> 7.5956044 | H78: =+H5*$B78 -> 0.75956044 | I78: =+I5*$B78 -> 0 | J78: =+J5*$B78 -> 6.0764835 | K78: =+K5*$B78 -> 2.2786813 | L78: =+L5*$B78 -> 5.3169231 | M78: =+M5*$B78 -> 1.5191209
B79: 0.94945055 | C79: A | D79: Ind | E79: =+E6*$B79 -> 7.0415721 | F79: =+F6*$B79 -> 3.458234 | G79: =+G6*$B79 -> 7.8011325 | H79: =+H6*$B79 -> 4.4322586 | I79: =+I6*$B79 -> 1.733585 | J79: =+J6*$B79 -> 8.667925 | K79: =+K6*$B79 -> 1.724649 | L79: =+L6*$B79 -> 4.5394906 | M79: =+M6*$B79 -> 6.1747796
B80: 0.94945055 | C80: A | D80: Serv | E80: =+E7*$B80 -> 0.96405748 | F80: =+F7*$B80 -> 0.42177515 | G80: =+G7*$B80 -> 0.48202874 | H80: =+H7*$B80 -> 6.4014877 | I80: =+I7*$B80 -> 3.8215385 | J80: =+J7*$B80 -> 3.3997633 | K80: =+K7*$B80 -> 5.9797126 | L80: =+L7*$B80 -> 3.6407777 | M80: =+M7*$B80 -> 6.220727
B81: 0.94945055 | C81: B | D81: =+D78 -> Agr | E81: =+E8*$B81 -> 8.4887139 | F81: =+F8*$B81 -> 5.3002294 | G81: =+G8*$B81 -> 4.6909117 | H81: =+H8*$B81 -> 6.5939862 | I81: =+I8*$B81 -> 9.0980316 | J81: =+J8*$B81 -> 8.1131071 | K81: =+K8*$B81 -> 9.0980316 | L81: =+L8*$B81 -> 8.714078 | M81: =+M8*$B81 -> 8.2633498
B82: 0.94945055 | C82: B | D82: =+D79 -> Ind | E82: =+E9*$B82 -> 3.7978022 | F82: =+F9*$B82 -> 1.8989011 | G82: =+G9*$B82 -> 2.8483516 | H82: =+H9*$B82 -> 5.6967033 | I82: =+I9*$B82 -> 6.6461538 | J82: =+J9*$B82 -> 3.7978022 | K82: =+K9*$B82 -> 8.5450549 | L82: =+L9*$B82 -> 1.8989011 | M82: =+M9*$B82 -> 7.5956044
B83: 0.94945055 | C83: B | D83: =+D80 -> Serv | E83: =+E10*$B83 -> 5.5798478 | F83: =+F10*$B83 -> 4.2451395 | G83: =+G10*$B83 -> 3.5494844 | H83: =+H10*$B83 -> 1.9098563 | I83: =+I10*$B83 -> 7.6668132 | J83: =+J10*$B83 -> 1.9025528 | K83: =+K10*$B83 -> 1.462519 | L83: =+L10*$B83 -> 5.1964159 | M83: =+M10*$B83 -> 1.7181403
B84: 0.94945055 | C84: C | D84: =+D81 -> Agr | E84: =+E11*$B84 -> 3.7477213 | F84: =+F11*$B84 -> 8.9310953 | G84: =+G11*$B84 -> 7.5455235 | H84: =+H11*$B84 -> 7.9712112 | I84: =+I11*$B84 -> 8.9310953 | J84: =+J11*$B84 -> 1.1351673 | K84: =+K11*$B84 -> 6.652414 | L84: =+L11*$B84 -> 8.5054076 | M84: =+M11*$B84 -> 7.3451999
B85: 0.94945055 | C85: C | D85: =+D82 -> Ind | E85: =+E12*$B85 -> 1.5034829 | F85: =+F12*$B85 -> 6.985722 | G85: =+G12*$B85 -> 0.74392243 | H85: =+H12*$B85 -> 7.9105986 | I85: =+I12*$B85 -> 0.1653161 | J85: =+J12*$B85 -> 0.82658048 | K85: =+K12*$B85 -> 6.8204059 | L85: =+L12*$B85 -> 8.7528171 | M85: =+M12*$B85 -> 1.4208248
B86: 0.94945055 | C86: C | D86: =+D83 -> Serv | E86: =+E13*$B86 -> 8.6473035 | F86: =+F13*$B86 -> 1.9792392 | G86: =+G13*$B86 -> 3.5640913 | H86: =+H13*$B86 -> 8.7787658 | I86: =+I13*$B86 -> 0.85450549 | J86: =+J13*$B86 -> 0.39438715 | K86: =+K13*$B86 -> 3.0017244 | L86: =+L13*$B86 -> 0.65731192 | M86: =+M13*$B86 -> 6.302891
N87: =+SUM(E78:M86) -> 386.23648
D88: {=+TRANSPOSE(E59:F68)} -> x_md | E88: 61.8 | F88: 55 | G88: 47 | H88: 82 | I88: 50 | J88: 55 | K88: 79 | L88: 65 | M88: 60
D89: x_max | E89: 67.410989 | F89: 52.21978 | G89: 44.624176 | H89: 77.854945 | I89: 47.472527 | J89: 52.21978 | K89: 75.006593 | L89: 61.714286 | M89: 56.967033
E90: =+MIN(E88:E89) -> 61.8 | F90: =+MIN(F88:F89) -> 52.21978 | G90: =+MIN(G88:G89) -> 44.624176 | H90: =+MIN(H88:H89) -> 77.854945 | I90: =+MIN(I88:I89) -> 47.472527 | J90: =+MIN(J88:J89) -> 52.21978 | K90: =+MIN(K88:K89) -> 75.006593 | L90: =+MIN(L88:L89) -> 61.714286 | M90: =+MIN(M88:M89) -> 56.967033
A92: Step 5 | E92: A | F92: A | G92: A | H92: B | I92: B | J92: B | K92: C | L92: C | M92: C
D93: Z_need | E93: Agr | F93: Ind | G93: Serv | H93: Agr | I93: Ind | J93: Serv | K93: Agr | L93: Ind | M93: Serv
C94: A | D94: Agr | E94: =+E21*E$88 -> 7.3341158 | F94: =+F21*F$88 -> 4.212963 | G94: =+G21*G$88 -> 8.4259259 | H94: =+H21*H$88 -> 0.84259259 | I94: =+I21*I$88 -> 0 | J94: =+J21*J$88 -> 6.7407407 | K94: =+K21*K$88 -> 2.5277778 | L94: =+L21*L$88 -> 5.8981481 | M94: =+M21*M$88 -> 1.6851852
C95: A | D95: Ind | E95: =+E22*E$88 -> 6.7991568 | F95: =+F22*F$88 -> 3.8362745 | G95: =+G22*G$88 -> 8.6539216 | H95: =+H22*H$88 -> 4.9167756 | I95: =+I22*I$88 -> 1.9230937 | J95: =+J22*J$88 -> 9.6154684 | K95: =+K22*K$88 -> 1.9131808 | L95: =+L22*L$88 -> 5.0357298 | M95: =+M22*M$88 -> 6.8497821
C96: A | D96: Serv | E96: =+E23*E$88 -> 0.93086854 | F96: =+F23*F$88 -> 0.46788194 | G96: =+G23*G$88 -> 0.53472222 | H96: =+H23*H$88 -> 7.1012731 | I96: =+I23*I$88 -> 4.239294 | J96: =+J23*J$88 -> 3.771412 | K96: =+K23*K$88 -> 6.6333912 | L96: =+L23*L$88 -> 4.0387731 | M96: =+M23*M$88 -> 6.9007523
C97: B | D97: =+D94 -> Agr | E97: =+E24*E$88 -> 8.1964789 | F97: =+F24*F$88 -> 5.8796296 | G97: =+G24*G$88 -> 5.2037037 | H97: =+H24*H$88 -> 7.3148148 | I97: =+I24*I$88 -> 10.092593 | J97: =+J24*J$88 -> 9 | K97: =+K24*K$88 -> 10.092593 | L97: =+L24*L$88 -> 9.6666667 | M97: =+M24*M$88 -> 9.1666667
C98: B | D98: =+D95 -> Ind | E98: =+E25*E$88 -> 3.6670579 | F98: =+F25*F$88 -> 2.1064815 | G98: =+G25*G$88 -> 3.1597222 | H98: =+H25*H$88 -> 6.3194444 | I98: =+I25*I$88 -> 7.3726852 | J98: =+J25*J$88 -> 4.212963 | K98: =+K25*K$88 -> 9.4791667 | L98: =+L25*L$88 -> 2.1064815 | M98: =+M25*M$88 -> 8.4259259
C99: B | D99: =+D96 -> Serv | E99: =+E26*E$88 -> 5.3877543 | F99: =+F26*F$88 -> 4.7092014 | G99: =+G26*G$88 -> 3.9375 | H99: =+H26*H$88 -> 2.1186343 | I99: =+I26*I$88 -> 8.504919 | J99: =+J26*J$88 -> 2.1105324 | K99: =+K26*K$88 -> 1.6223958 | L99: =+L26*L$88 -> 5.7644676 | M99: =+M26*M$88 -> 1.9059606
C100: C | D100: =+D97 -> Agr | E100: =+E27*E$88 -> 3.6187011 | F100: =+F27*F$88 -> 9.9074074 | G100: =+G27*G$88 -> 8.3703704 | H100: =+H27*H$88 -> 8.8425926 | I100: =+I27*I$88 -> 9.9074074 | J100: =+J27*J$88 -> 1.2592593 | K100: =+K27*K$88 -> 7.3796296 | L100: =+L27*L$88 -> 9.4351852 | M100: =+M27*M$88 -> 8.1481481
C101: C | D101: =+D98 -> Ind | E101: =+E28*E$88 -> 1.4517235 | F101: =+F28*F$88 -> 7.7493736 | G101: =+G28*G$88 -> 0.8252451 | H101: =+H28*H$88 -> 8.775354 | I101: =+I28*I$88 -> 0.1833878 | J101: =+J28*J$88 -> 0.916939 | K101: =+K28*K$88 -> 7.5659858 | L101: =+L28*L$88 -> 9.7096405 | M101: =+M28*M$88 -> 1.5761438
C102: C | D102: =+D99 -> Serv | E102: =+E29*E$88 -> 8.3496088 | F102: =+F29*F$88 -> 2.1956019 | G102: =+G29*G$88 -> 3.9537037 | H102: =+H29*H$88 -> 9.7384259 | I102: =+I29*I$88 -> 0.94791667 | J102: =+J29*J$88 -> 0.4375 | K102: =+K29*K$88 -> 3.3298611 | L102: =+L29*L$88 -> 0.72916667 | M102: =+M29*M$88 -> 6.9918981
N103: =+SUM(E94:M102) -> 421.64982
E104: A | F104: A | G104: A | H104: B | I104: B | J104: B | K104: C | L104: C | M104: C
D105: exD | E105: Agr | F105: Ind | G105: Serv | H105: Agr | I105: Ind | J105: Serv | K105: Agr | L105: Ind | M105: Serv
C106: A | D106: Agr | E106: =+MAX(E94-E78,0) -> 0 | F106: =+MAX(F94-F78,0) -> 0.41516077 | G106: =+MAX(G94-G78,0) -> 0.83032153 | H106: =+MAX(H94-H78,0) -> 0.083032153 | I106: =+MAX(I94-I78,0) -> 0 | J106: =+MAX(J94-J78,0) -> 0.66425722 | K106: =+MAX(K94-K78,0) -> 0.24909646 | L106: =+MAX(L94-L78,0) -> 0.58122507 | M106: =+MAX(M94-M78,0) -> 0.16606431 | N106: =+SUM(E106:M106) -> 2.9891575
C107: A | D107: Ind | E107: =+MAX(E95-E79,0) -> 0 | F107: =+MAX(F95-F79,0) -> 0.37804051 | G107: =+MAX(G95-G79,0) -> 0.85278905 | H107: =+MAX(H95-H79,0) -> 0.48451703 | I107: =+MAX(I95-I79,0) -> 0.18950868 | J107: =+MAX(J95-J79,0) -> 0.94754339 | K107: =+MAX(K95-K79,0) -> 0.18853183 | L107: =+MAX(L95-L79,0) -> 0.49623922 | M107: =+MAX(M95-M79,0) -> 0.67500256 | N107: =+SUM(E107:M107) -> 4.2121723
C108: A | D108: Serv | E108: =+MAX(E96-E80,0) -> 0 | F108: =+MAX(F96-F80,0) -> 0.046106797 | G108: =+MAX(G96-G80,0) -> 0.052693482 | H108: =+MAX(H96-H80,0) -> 0.69978541 | I108: =+MAX(I96-I80,0) -> 0.41775552 | J108: =+MAX(J96-J80,0) -> 0.37164872 | K108: =+MAX(K96-K80,0) -> 0.65367861 | L108: =+MAX(L96-L80,0) -> 0.39799546 | M108: =+MAX(M96-M80,0) -> 0.68002535 | N108: =+SUM(E108:M108) -> 3.3196893
C109: B | D109: =+D106 -> Agr | E109: =+MAX(E97-E81,0) -> 0 | F109: =+MAX(F97-F81,0) -> 0.57940019 | G109: =+MAX(G97-G81,0) -> 0.51279198 | H109: =+MAX(H97-H81,0) -> 0.72082858 | I109: =+MAX(I97-I81,0) -> 0.99456095 | J109: =+MAX(J97-J81,0) -> 0.88689289 | K109: =+MAX(K97-K81,0) -> 0.99456095 | L109: =+MAX(L97-L81,0) -> 0.95258866 | M109: =+MAX(M97-M81,0) -> 0.90331683 | N109: =+SUM(E109:M109) -> 6.544941
C110: B | D110: =+D107 -> Ind | E110: =+MAX(E98-E82,0) -> 0 | F110: =+MAX(F98-F82,0) -> 0.20758038 | G110: =+MAX(G98-G82,0) -> 0.31137057 | H110: =+MAX(H98-H82,0) -> 0.62274115 | I110: =+MAX(I98-I82,0) -> 0.72653134 | J110: =+MAX(J98-J82,0) -> 0.41516077 | K110: =+MAX(K98-K82,0) -> 0.93411172 | L110: =+MAX(L98-L82,0) -> 0.20758038 | M110: =+MAX(M98-M82,0) -> 0.83032153 | N110: =+SUM(E110:M110) -> 4.2553978
C111: B | D111: =+D108 -> Serv | E111: =+MAX(E99-E83,0) -> 0 | F111: =+MAX(F99-F83,0) -> 0.46406191 | G111: =+MAX(G99-G83,0) -> 0.38801564 | H111: =+MAX(H99-H83,0) -> 0.20877796 | I111: =+MAX(I99-I83,0) -> 0.83810579 | J111: =+MAX(J99-J83,0) -> 0.20797958 | K111: =+MAX(K99-K83,0) -> 0.15987681 | L111: =+MAX(L99-L83,0) -> 0.5680517 | M111: =+MAX(M99-M83,0) -> 0.18782033 | N111: =+SUM(E111:M111) -> 3.0226897
...

Sheet IO_sub_model (3)
E3: A | F3: A | G3: A | H3: B | I3: B | J3: B | K3: C | L3: C | M3: C
D4: Z | E4: Agr | F4: Ind | G4: Serv | H4: Agr | I4: Ind | J4: Serv | K4: Agr | L4: Ind | M4: Serv | N4: FD | O4: X | P4: AX | Q4: X
C5: A | D5: Agr | E5: {=+'IO_sub_model (2)'!E150:M158} -> 7.5956044 | F5: 4.0303297 | G5: 7.8513846 | H5: 0.95720879 | I5: 0.23252747 | J5: 6.2741319 | K5: 2.5112088 | L5: 5.6075824 | M5: 1.740022 | N5: =+O5-SUM(E5:M5) -> 27.203401 | O5: {=+TRANSPOSE(_xlfn.ANCHORARRAY(E15))} -> 64.003401 | P5: {=+MMULT(E21:M29,O5:O13)} -> 36.8 | Q5: =+P5+N5 -> 64.003401 | R5: =+Q5=O5 -> TRUE
C6: A | D6: Ind | E6: 7.0415721 | F6: 3.7278311 | G6: 8.0499913 | H6: 4.8262851 | I6: 1.9202291 | J6: 8.9582603 | K6: 2.0979372 | L6: 4.8713024 | M6: 6.5065914 | N6: =+O6-SUM(E6:M6) -> 4.5827364 | O6: 52.582736 | P6: 48 | Q6: =+P6+N6 -> 52.582736 | R6: =+Q6=O6 -> TRUE
C7: A | D7: Serv | E7: 0.96405748 | F7: 0.55446746 | G7: 0.63367709 | H7: 6.7426965 | I7: 4.067967 | J7: 3.5134996 | K7: 6.1882291 | L7: 3.8303381 | M7: 6.5050676 | N7: =+O7-SUM(E7:M7) -> 11.934338 | O7: 44.934338 | P7: 33 | Q7: =+P7+N7 -> 44.934338 | R7: =+Q7=O7 -> TRUE
C8: B | D8: =+D5 -> Agr | E8: 8.4887139 | F8: 5.7551745 | G8: 5.1913513 | H8: 6.9806895 | I8: 9.5529767 | J8: 8.4998104 | K8: 9.5529767 | L8: 9.2827593 | M8: 8.6955476 | N8: =+O8-SUM(E8:M8) -> 6.3960797 | O8: 78.39608 | P8: 72 | Q8: =+P8+N8 -> 78.39608 | R8: =+Q8=O8 -> TRUE
C9: B | D9: =+D6 -> Ind | E9: 3.7978022 | F9: 2.1516484 | G9: 3.0816568 | H9: 6.0661031 | I9: 6.8211327 | J9: 4.0699915 | K9: 8.8950127 | L9: 2.2099746 | M9: 7.9066779 | N9: =+O9-SUM(E9:M9) -> 2.8024876 | O9: 47.802488 | P9: 45 | Q9: =+P9+N9 -> 47.802488 | R9: =+Q9=O9 -> TRUE
C10: B | D10: =+D7 -> Serv | E10: 5.5798478 | F10: 4.3858737 | G10: 3.7103235 | H10: 2.2717444 | I10: 7.9281768 | J10: 2.0231822 | K10: 1.6836729 | L10: 5.3974648 | M10: 2.0197137 | N10: =+O10-SUM(E10:M10) -> 17.582736 | O10: 52.582736 | P10: 35 | Q10: =+P10+N10 -> 52.582736 | R10: =+Q10=O10 -> TRUE
C11: C | D11: =+D8 -> Agr | E11: 3.7477213 | F11: 9.3354909 | G11: 7.9903587 | H11: 8.3149475 | I11: 9.3354909 | J11: 1.4789035 | K11: 7.0568096 | L11: 9.0109021 | M11: 7.7293757 | N11: =+O11-SUM(E11:M11) -> 11.52793 | O11: 75.52793 | P11: 64 | Q11: =+P11+N11 -> 75.52793 | R11: =+Q11=O11 -> TRUE
C12: C | D12: =+D9 -> Ind | E12: 1.5034829 | F12: 7.1935365 | G12: 0.93575111 | H12: 8.2143273 | I12: 0.30918761 | J12: 1.0503806 | K12: 7.108149 | L12: 9.0085886 | M12: 1.6765964 | N12: =+O12-SUM(E12:M12) -> 25.143234 | O12: 62.143234 | P12: 37 | Q12: =+P12+N12 -> 62.143234 | R12: =+Q12=O12 -> TRUE
C13: C | D13: =+D10 -> Serv | E13: 8.6473035 | F13: 2.1239945 | G13: 3.7295259 | H13: 9.1509936 | I13: 1.1233367 | J13: 0.51846308 | K13: 3.229197 | L13: 0.86410513 | M13: 6.6130808 | N13: =+O13-SUM(E13:M13) -> 21.362985 | O13: 57.362985 | P13: 36 | Q13: =+P13+N13 -> 57.362985 | R13: =+Q13=O13 -> TRUE
D14: VA | E14: =+E15-SUM(E5:E13) -> 16.637295 | F14: =+F15-SUM(F5:F13) -> 13.32439 | G14: =+G15-SUM(G5:G13) -> 3.7603181 | H14: =+H15-SUM(H5:H13) -> 24.871084 | I14: =+I15-SUM(I5:I13) -> 6.5114626 | J14: =+J15-SUM(J5:J13) -> 16.196113 | K14: =+K15-SUM(K5:K13) -> 27.204738 | L14: =+L15-SUM(L5:L13) -> 12.060216 | M14: =+M15-SUM(M5:M13) -> 7.970312 | N14: =+SUM(E5:M13) -> 406.8
D15: X | E15: {=+'IO_sub_model (2)'!E184:M184} -> 64.003401 | F15: 52.582736 | G15: 44.934338 | H15: 78.39608 | I15: 47.802488 | J15: 52.582736 | K15: 75.52793 | L15: 62.143234 | M15: 57.362985
E16: {=+TRANSPOSE(O5:O13)} -> 64.003401 | F16: 52.582736 | G16: 44.934338 | H16: 78.39608 | I16: 47.802488 | J16: 52.582736 | K16: 75.52793 | L16: 62.143234 | M16: 57.362985
E17: =+E15-E16 -> 0 | F17: =+F15-F16 -> 0 | G17: =+G15-G16 -> 0 | H17: =+H15-H16 -> 0 | I17: =+I15-I16 -> 0 | J17: =+J15-J16 -> 0 | K17: =+K15-K16 -> 0 | L17: =+L15-L16 -> 0 | M17: =+M15-M16 -> 0
E19: A | F19: A | G19: A | H19: B | I19: B | J19: B | K19: C | L19: C | M19: C
D20: A | E20: Agr | F20: Ind | G20: Serv | H20: Agr | I20: Ind | J20: Serv | K20: Agr | L20: Ind | M20: Serv
C21: A | D21: Agr | E21: {=+'IO_sub_model (2)'!E200:M208} -> 0.11867501 | F21: 0.076647393 | G21: 0.17473017 | H21: 0.012209906 | I21: 0.0048643383 | J21: 0.11931923 | K21: 0.033248744 | L21: 0.090236411 | M21: 0.030333533
C22: A | D22: Ind | E22: 0.11001872 | F22: 0.070894581 | G22: 0.1791501 | H22: 0.061562837 | I22: 0.040170067 | J22: 0.17036505 | K22: 0.027776973 | L22: 0.078388299 | M22: 0.1134284
C23: A | D23: Serv | E23: 0.015062598 | F23: 0.010544667 | G23: 0.01410229 | H23: 0.086008083 | I23: 0.085099484 | J23: 0.0668185 | K23: 0.081932989 | L23: 0.061637251 | M23: 0.11340183
C24: B | D24: =+D21 -> Agr | E24: 0.13262911 | F24: 0.10944989 | G24: 0.11553194 | H24: 0.08904386 | I24: 0.19984267 | J24: 0.16164641 | K24: 0.1264827 | L24: 0.14937683 | M24: 0.15158813
C25: B | D25: =+D22 -> Ind | E25: 0.059337507 | F25: 0.040919292 | G25: 0.068581333 | H25: 0.077377634 | I25: 0.1426941 | J25: 0.077401669 | K25: 0.11777117 | L25: 0.035562595 | M25: 0.13783589
C26: B | D26: =+D23 -> Serv | E26: 0.08718049 | F26: 0.083409005 | G26: 0.082572119 | H26: 0.028977781 | I26: 0.16585281 | J26: 0.038476168 | K26: 0.022292056 | L26: 0.086855229 | M26: 0.035209356
C27: C | D27: =+D24 -> Agr | E27: 0.058555034 | F27: 0.17753908 | G27: 0.177823 | H27: 0.10606331 | I27: 0.19529299 | J27: 0.028125267 | K27: 0.093433112 | L27: 0.14500214 | M27: 0.134745
C28: C | D28: =+D25 -> Ind | E28: 0.023490672 | F28: 0.13680415 | G28: 0.020824856 | H28: 0.10477982 | I28: 0.0064680234 | J28: 0.019975769 | K28: 0.094112852 | L28: 0.14496492 | M28: 0.029227844
C29: C | D29: =+D26 -> Serv | E29: 0.13510694 | F29: 0.04039338 | G29: 0.082999461 | H29: 0.11672769 | I29: 0.023499544 | J29: 0.0098599486 | K29: 0.042755004 | L29: 0.013905056 | M29: 0.11528481
D30: VA | E30: =+E14/E$15 -> 0.25994392 | F30: =+F14/F$15 -> 0.25339856 | G30: =+G14/G$15 -> 0.083684732 | H30: =+H14/H$15 -> 0.31724908 | I30: =+I14/I$15 -> 0.13621598 | J30: =+J14/J$15 -> 0.30801199 | K30: =+K14/K$15 -> 0.3601944 | L30: =+L14/L$15 -> 0.19407127 | M30: =+M14/M$15 -> 0.13894521
D31: X | E31: =SUM(E21:E30) -> 1 | F31: =SUM(F21:F30) -> 1 | G31: =SUM(G21:G30) -> 1 | H31: =SUM(H21:H30) -> 1 | I31: =SUM(I21:I30) -> 1 | J31: =SUM(J21:J30) -> 1 | K31: =SUM(K21:K30) -> 1 | L31: =SUM(L21:L30) -> 1 | M31: =SUM(M21:M30) -> 1
E34: A | F34: A | G34: A | H34: B | I34: B | J34: B | K34: C | L34: C | M34: C
D35: L | E35: Agr | F35: Ind | G35: Serv | H35: Agr | I35: Ind | J35: Serv | K35: Agr | L35: Ind | M35: Serv
C36: A | D36: Agr | E36: {=+MINVERSE(_xlfn.MUNIT(COUNTA($D$36:$D$44))-E21:M29)} -> 1.3075851 | F36: 0.26505464 | G36: 0.40599485 | H36: 0.19175414 | I36: 0.21755449 | J36: 0.30183843 | K36: 0.19839099 | L36: 0.30247998 | M36: 0.24982502
C37: A | D37: Ind | E37: 0.37083129 | F37: 1.3172609 | G37: 0.48549028 | H37: 0.30378842 | I37: 0.33300617 | J37: 0.40989875 | K37: 0.24967163 | L37: 0.3525283 | M37: 0.41374641
C38: A | D38: Serv | E38: 0.20747425 | F38: 0.19978002 | G38: 1.2405109 | H38: 0.2709229 | I38: 0.31123729 | J38: 0.23432539 | K38: 0.2532477 | L38: 0.26224416 | M38: 0.34320409
C39: B | D39: =+D36 -> Agr | E39: 0.53714444 | F39: 0.5070238 | G39: 0.60361355 | H39: 1.4734462 | I39: 0.66524536 | J39: 0.53235993 | K39: 0.48466634 | L39: 0.57829959 | M39: 0.63100508
C40: B | D40: =+D37 -> Ind | E40: 0.32247029 | F40: 0.29326232 | G40: 0.38407034 | H40: 0.3279726 | I40: 1.451627 | J40: 0.31192774 | K40: 0.35069081 | L40: 0.30485431 | M40: 0.45613562
C41: B | D41: =+D38 -> Serv | E41: 0.28395488 | F41: 0.27471938 | G41: 0.32192317 | H41: 0.21796515 | I41: 0.39108477 | J41: 1.2293354 | K41: 0.20307767 | L41: 0.29647925 | M41: 0.27414553
C42: C | D42: =+D39 -> Agr | E42: 0.42729764 | F42: 0.53696365 | G42: 0.62208055 | H42: 0.46933395 | I42: 0.61811533 | J42: 0.37911182 | K42: 1.4301653 | L42: 0.53752133 | M42: 0.59061254
C43: C | D43: =+D40 -> Ind | E43: 0.23396388 | F43: 0.36059832 | G43: 0.28314129 | H43: 0.31057952 | I43: 0.24478637 | J43: 0.2244952 | K43: 0.28310654 | L43: 1.3875098 | M43: 0.27978918
C44: C | D44: =+D41 -> Serv | E44: 0.34300632 | F44: 0.22872555 | G44: 0.32848678 | H44: 0.30167688 | I44: 0.242032 | J44: 0.20086643 | K44: 0.21454275 | L44: 0.22237551 | M44: 1.3509109
C46: Demand shock | E46: d_shock | F46: 1-d_shock | G46: FD | H46: fd_max | J46: Supply shock | L46: p_shock | M46: 1-p_shock | N46: X | O46: x_max
C47: A | D47: Agr | H47: {=+N5:N13} -> 27.203401 | J47: A | K47: Agr | L47: 0 | M47: =1-L47% -> 1 | N47: {=+_xlfn.ANCHORARRAY(O5)} -> 64.003401 | O47: {=+_xlfn.ANCHORARRAY(O5)} -> 64.003401
C48: A | D48: Ind | H48: 4.5827364 | J48: A | K48: Ind | M48: =1-L48% -> 1 | N48: 52.582736 | O48: 52.582736
C49: A | D49: Serv | H49: 11.934338 | J49: A | K49: Serv | M49: =1-L49% -> 1 | N49: 44.934338 | O49: 44.934338
C50: B | D50: =+D47 -> Agr | H50: 6.3960797 | J50: B | K50: =+K47 -> Agr | M50: =1-L50% -> 1 | N50: 78.39608 | O50: 78.39608
C51: B | D51: =+D48 -> Ind | H51: 2.8024876 | J51: B | K51: =+K48 -> Ind | M51: =1-L51% -> 1 | N51: 47.802488 | O51: 47.802488
C52: B | D52: =+D49 -> Serv | H52: 17.582736 | J52: B | K52: =+K49 -> Serv | M52: =1-L52% -> 1 | N52: 52.582736 | O52: 52.582736
C53: C | D53: =+D50 -> Agr | H53: 11.52793 | J53: C | K53: =+K50 -> Agr | M53: =1-L53% -> 1 | N53: 75.52793 | O53: 75.52793
C54: C | D54: =+D51 -> Ind | H54: 25.143234 | J54: C | K54: =+K51 -> Ind | M54: =1-L54% -> 1 | N54: 62.143234 | O54: 62.143234
C55: C | D55: =+D52 -> Serv | H55: 21.362985 | J55: C | K55: =+K52 -> Serv | M55: =1-L55% -> 1 | N55: 57.362985 | O55: 57.362985
G56: =SUM(G47:G55) -> 0 | H56: =SUM(H47:H55) -> 128.53593 | N56: =SUM(N47:N55) -> 535.33593 | O56: =SUM(O47:O55) -> 535.33593
A59: Step 1-2 | E59: x_md | F59: x_max | G59: r
C60: A | D60: Agr | E60: {=+'IO_sub_model (2)'!F188:F196} -> 67.410989 | F60: {=+_xlfn.ANCHORARRAY(O5)} -> 64.003401 | G60: =+MIN(F60/E60,1) -> 0.94945055
C61: A | D61: Ind | E61: 52.21978 | F61: 52.582736 | G61: =+MIN(F61/E61,1) -> 1
C62: A | D62: Serv | E62: 44.624176 | F62: 44.934338 | G62: =+MIN(F62/E62,1) -> 1
C63: B | D63: =+D60 -> Agr | E63: 77.854945 | F63: 78.39608 | G63: =+MIN(F63/E63,1) -> 1
C64: B | D64: =+D61 -> Ind | E64: 47.472527 | F64: 47.802488 | G64: =+MIN(F64/E64,1) -> 1
C65: B | D65: =+D62 -> Serv | E65: 52.21978 | F65: 52.582736 | G65: =+MIN(F65/E65,1) -> 1
C66: C | D66: =+D63 -> Agr | E66: 75.006593 | F66: 75.52793 | G66: =+MIN(F66/E66,1) -> 1
C67: C | D67: =+D64 -> Ind | E67: 61.714286 | F67: 62.143234 | G67: =+MIN(F67/E67,1) -> 1
C68: C | D68: =+D65 -> Serv | E68: 56.967033 | F68: 57.362985 | G68: =+MIN(F68/E68,1) -> 1
A70: Step 3 | E70: A | F70: A | G70: A | H70: B | I70: B | J70: B | K70: C | L70: C | M70: C
E71: Agr | F71: Ind | G71: Serv | H71: Agr | I71: Ind | J71: Serv | K71: Agr | L71: Ind | M71: Serv
C72: bottlneck | D72: s | E72: {=+MIN(_xlfn._xlws.FILTER($G$60:$G$68,E21:E29>0))} -> 0.94945055 | F72: {=+MIN(_xlfn._xlws.FILTER($G$60:$G$68,F21:F29>0))} -> 0.94945055 | G72: {=+MIN(_xlfn._xlws.FILTER($G$60:$G$68,G21:G29>0))} -> 0.94945055 | H72: {=+MIN(_xlfn._xlws.FILTER($G$60:$G$68,H21:H29>0))} -> 0.94945055 | I72: {=+MIN(_xlfn._xlws.FILTER($G$60:$G$68,I21:I29>0))} -> 0.94945055 | J72: {=+MIN(_xlfn._xlws.FILTER($G$60:$G$68,J21:J29>0))} -> 0.94945055 | K72: {=+MIN(_xlfn._xlws.FILTER($G$60:$G$68,K21:K29>0))} -> 0.94945055 | L72: {=+MIN(_xlfn._xlws.FILTER($G$60:$G$68,L21:L29>0))} -> 0.94945055 | M72: {=+MIN(_xlfn._xlws.FILTER($G$60:$G$68,M21:M29>0))} -> 0.94945055
C73: supply | D73: 1-p_shock | E73: {=+TRANSPOSE(M47:M55)} -> 1 | F73: 1 | G73: 1 | H73: 1 | I73: 1 | J73: 1 | K73: 1 | L73: 1 | M73: 1
D74: constraint | E74: =+MIN(E72:E73) -> 0.94945055 | F74: =+MIN(F72:F73) -> 0.94945055 | G74: =+MIN(G72:G73) -> 0.94945055 | H74: =+MIN(H72:H73) -> 0.94945055 | I74: =+MIN(I72:I73) -> 0.94945055 | J74: =+MIN(J72:J73) -> 0.94945055 | K74: =+MIN(K72:K73) -> 0.94945055 | L74: =+MIN(L72:L73) -> 0.94945055 | M74: =+MIN(M72:M73) -> 0.94945055
A76: Step 4 | E76: A | F76: A | G76: A | H76: B | I76: B | J76: B | K76: C | L76: C | M76: C
D77: Z_cons | E77: Agr | F77: Ind | G77: Serv | H77: Agr | I77: Ind | J77: Serv | K77: Agr | L77: Ind | M77: Serv
B78: {=+TRANSPOSE(E74:M74)} -> 0.94945055 | C78: A | D78: Agr | E78: =+E5*$B78 -> 7.2116508 | F78: =+F5*$B78 -> 3.8265987 | G78: =+G5*$B78 -> 7.4545014 | H78: =+H5*$B78 -> 0.90882241 | I78: =+I5*$B78 -> 0.22077334 | J78: =+J5*$B78 -> 5.9569779 | K78: =+K5*$B78 -> 2.3842686 | L78: =+L5*$B78 -> 5.3241222 | M78: =+M5*$B78 -> 1.6520648
B79: 0.94945055 | C79: A | D79: Ind | E79: =+E6*$B79 -> 6.6856245 | F79: =+F6*$B79 -> 3.5393913 | G79: =+G6*$B79 -> 7.6430687 | H79: =+H6*$B79 -> 4.582319 | I79: =+I6*$B79 -> 1.8231626 | J79: =+J6*$B79 -> 8.5054252 | K79: =+K6*$B79 -> 1.9918877 | L79: =+L6*$B79 -> 4.6250607 | M79: =+M6*$B79 -> 6.1776867
B80: 0.94945055 | C80: A | D80: Serv | E80: =+E7*$B80 -> 0.91532491 | F80: =+F7*$B80 -> 0.52643943 | G80: =+G7*$B80 -> 0.60164506 | H80: =+H7*$B80 -> 6.4018569 | I80: =+I7*$B80 -> 3.8623335 | J80: =+J7*$B80 -> 3.3358941 | K80: =+K7*$B80 -> 5.8754175 | L80: =+L7*$B80 -> 3.6367166 | M80: =+M7*$B80 -> 6.17624
B81: 0.94945055 | C81: B | D81: =+D78 -> Agr | E81: =+E8*$B81 -> 8.0596141 | F81: =+F8*$B81 -> 5.4642536 | G81: =+G8*$B81 -> 4.9289313 | H81: =+H8*$B81 -> 6.6278195 | I81: =+I8*$B81 -> 9.070079 | J81: =+J8*$B81 -> 8.0701497 | K81: =+K8*$B81 -> 9.070079 | L81: =+L8*$B81 -> 8.8135209 | M81: =+M8*$B81 -> 8.2559925
B82: 0.94945055 | C82: B | D82: =+D79 -> Ind | E82: =+E9*$B82 -> 3.6058254 | F82: =+F9*$B82 -> 2.0428837 | G82: =+G9*$B82 -> 2.9258807 | H82: =+H9*$B82 -> 5.7594649 | I82: =+I9*$B82 -> 6.4763282 | J82: =+J9*$B82 -> 3.8642557 | K82: =+K9*$B82 -> 8.4453747 | L82: =+L9*$B82 -> 2.0982616 | M82: =+M9*$B82 -> 7.5069997
B83: 0.94945055 | C83: B | D83: =+D80 -> Serv | E83: =+E10*$B83 -> 5.2977896 | F83: =+F10*$B83 -> 4.1641702 | G83: =+G10*$B83 -> 3.5227687 | H83: =+H10*$B83 -> 2.156909 | I83: =+I10*$B83 -> 7.5274118 | J83: =+J10*$B83 -> 1.9209115 | K83: =+K10*$B83 -> 1.5985641 | L83: =+L10*$B83 -> 5.124626 | M83: =+M10*$B83 -> 1.9176183
B84: 0.94945055 | C84: C | D84: =+D81 -> Agr | E84: =+E11*$B84 -> 3.558276 | F84: =+F11*$B84 -> 8.8635869 | G84: =+G11*$B84 -> 7.5864504 | H84: =+H11*$B84 -> 7.8946314 | I84: =+I11*$B84 -> 8.8635869 | J84: =+J11*$B84 -> 1.4041458 | K84: =+K11*$B84 -> 6.7000917 | L84: =+L11*$B84 -> 8.5554059 | M84: =+M11*$B84 -> 7.33866
B85: 0.94945055 | C85: C | D85: =+D82 -> Ind | E85: =+E12*$B85 -> 1.4274826 | F85: =+F12*$B85 -> 6.8299071 | G85: =+G12*$B85 -> 0.88844941 | H85: =+H12*$B85 -> 7.7990976 | I85: =+I12*$B85 -> 0.29355835 | J85: =+J12*$B85 -> 0.99728445 | K85: =+K12*$B85 -> 6.7488359 | L85: =+L12*$B85 -> 8.5532094 | M85: =+M12*$B85 -> 1.5918454
B86: 0.94945055 | C86: C | D86: =+D83 -> Serv | E86: =+E13*$B86 -> 8.210187 | F86: =+F13*$B86 -> 2.0166277 | G86: =+G13*$B86 -> 3.5410004 | H86: =+H13*$B86 -> 8.6884159 | I86: =+I13*$B86 -> 1.0665526 | J86: =+J13*$B86 -> 0.49225505 | K86: =+K13*$B86 -> 3.0659628 | L86: =+L13*$B86 -> 0.82042509 | M86: =+M13*$B86 -> 6.2787932
N87: =+SUM(E78:M86) -> 386.23648
D88: {=+TRANSPOSE(E59:F68)} -> x_md | E88: 67.410989 | F88: 52.21978 | G88: 44.624176 | H88: 77.854945 | I88: 47.472527 | J88: 52.21978 | K88: 75.006593 | L88: 61.714286 | M88: 56.967033
D89: x_max | E89: 64.003401 | F89: 52.582736 | G89: 44.934338 | H89: 78.39608 | I89: 47.802488 | J89: 52.582736 | K89: 75.52793 | L89: 62.143234 | M89: 57.362985
E90: =+MIN(E88:E89) -> 64.003401 | F90: =+MIN(F88:F89) -> 52.21978 | G90: =+MIN(G88:G89) -> 44.624176 | H90: =+MIN(H88:H89) -> 77.854945 | I90: =+MIN(I88:I89) -> 47.472527 | J90: =+MIN(J88:J89) -> 52.21978 | K90: =+MIN(K88:K89) -> 75.006593 | L90: =+MIN(L88:L89) -> 61.714286 | M90: =+MIN(M88:M89) -> 56.967033
A92: Step 5 | E92: A | F92: A | G92: A | H92: B | I92: B | J92: B | K92: C | L92: C | M92: C
D93: Z_need | E93: Agr | F93: Ind | G93: Serv | H93: Agr | I93: Ind | J93: Serv | K93: Agr | L93: Ind | M93: Serv
C94: A | D94: Agr | E94: =+E21*E$88 -> 8 | F94: =+F21*F$88 -> 4.00251 | G94: =+G21*G$88 -> 7.7971899 | H94: =+H21*H$88 -> 0.95060159 | I94: =+I21*I$88 -> 0.23092243 | J94: =+J21*J$88 -> 6.2308242 | K94: =+K21*K$88 -> 2.493875 | L94: =+L21*L$88 -> 5.5688757 | M94: =+M21*M$88 -> 1.7280113
C95: A | D95: Ind | E95: =+E22*E$88 -> 7.4164706 | F95: =+F22*F$88 -> 3.7020994 | G95: =+G22*G$88 -> 7.9944257 | H95: =+H22*H$88 -> 4.7929713 | I95: =+I22*I$88 -> 1.9069746 | J95: =+J22*J$88 -> 8.8964253 | K95: =+K22*K$88 -> 2.0834561 | L95: =+L22*L$88 -> 4.8376779 | M95: =+M22*M$88 -> 6.4616791
C96: A | D96: Serv | E96: =+E23*E$88 -> 1.0153846 | F96: =+F23*F$88 -> 0.5506402 | G96: =+G23*G$88 -> 0.62930309 | H96: =+H23*H$88 -> 6.6961546 | I96: =+I23*I$88 -> 4.0398876 | J96: =+J23*J$88 -> 3.4892474 | K96: =+K23*K$88 -> 6.1455144 | L96: =+L23*L$88 -> 3.8038989 | M96: =+M23*M$88 -> 6.4601659
C97: B | D97: =+D94 -> Agr | E97: =+E24*E$88 -> 8.9406593 | F97: =+F24*F$88 -> 5.715449 | G97: =+G24*G$88 -> 5.1555176 | H97: =+H24*H$88 -> 6.9325048 | I97: =+I24*I$88 -> 9.4870366 | J97: =+J24*J$88 -> 8.4411398 | K97: =+K24*K$88 -> 9.4870366 | L97: =+L24*L$88 -> 9.2186844 | M97: =+M24*M$88 -> 8.635526
C98: B | D98: =+D95 -> Ind | E98: =+E25*E$88 -> 4 | F98: =+F25*F$88 -> 2.1367964 | G98: =+G25*G$88 -> 3.0603854 | H98: =+H25*H$88 -> 6.0242314 | I98: =+I25*I$88 -> 6.7740493 | J98: =+J25*J$88 -> 4.0418981 | K98: =+K25*K$88 -> 8.8336142 | L98: =+L25*L$88 -> 2.1947201 | M98: =+M25*M$88 -> 7.8521015
C99: B | D99: =+D96 -> Serv | E99: =+E26*E$88 -> 5.8769231 | F99: =+F26*F$88 -> 4.3555999 | G99: =+G26*G$88 -> 3.6847127 | H99: =+H26*H$88 -> 2.2560635 | I99: =+I26*I$88 -> 7.873452 | J99: =+J26*J$88 -> 2.009217 | K99: =+K26*K$88 -> 1.6720512 | L99: =+L26*L$88 -> 5.3602084 | M99: =+M26*M$88 -> 2.0057725
C100: C | D100: =+D97 -> Agr | E100: =+E27*E$88 -> 3.9472527 | F100: =+F27*F$88 -> 9.271052 | G100: =+G27*G$88 -> 7.9352046 | H100: =+H27*H$88 -> 8.2575529 | I100: =+I27*I$88 -> 9.271052 | J100: =+J27*J$88 -> 1.4686953 | K100: =+K27*K$88 -> 7.0080994 | L100: =+L27*L$88 -> 8.9487037 | M100: =+M27*M$88 -> 7.6760231
C101: C | D101: =+D98 -> Ind | E101: =+E28*E$88 -> 1.5835294 | F101: =+F28*F$88 -> 7.1438825 | G101: =+G28*G$88 -> 0.92929202 | H101: =+H28*H$88 -> 8.1576273 | I101: =+I28*I$88 -> 0.30705342 | J101: =+J28*J$88 -> 1.0431303 | K101: =+K28*K$88 -> 7.0590845 | L101: =+L28*L$88 -> 8.9464062 | M101: =+M28*M$88 -> 1.6650236
C102: C | D102: =+D99 -> Serv | E102: =+E29*E$88 -> 9.1076923 | F102: =+F29*F$88 -> 2.1093334 | G102: =+G29*G$88 -> 3.7037825 | H102: =+H29*H$88 -> 9.0878282 | I102: =+I29*I$88 -> 1.1155828 | J102: =+J29*J$88 -> 0.51488435 | K102: =+K29*K$88 -> 3.2069072 | L102: =+L29*L$88 -> 0.85814058 | M102: =+M29*M$88 -> 6.5674335
N103: =+SUM(E94:M102) -> 406.84079
E104: A | F104: A | G104: A | H104: B | I104: B | J104: B | K104: C | L104: C | M104: C
D105: exD | E105: Agr | F105: Ind | G105: Serv | H105: Agr | I105: Ind | J105: Serv | K105: Agr | L105: Ind | M105: Serv
C106: A | D106: Agr | E106: =+MAX(E94-E78,0) -> 0.78834923 | F106: =+MAX(F94-F78,0) -> 0.17591131 | G106: =+MAX(G94-G78,0) -> 0.34268842 | H106: =+MAX(H94-H78,0) -> 0.041779175 | I106: =+MAX(I94-I78,0) -> 0.010149098 | J106: =+MAX(J94-J78,0) -> 0.27384627 | K106: =+MAX(K94-K78,0) -> 0.10960642 | L106: =+MAX(L94-L78,0) -> 0.24475346 | M106: =+MAX(M94-M78,0) -> 0.075946527 | N106: =+SUM(E106:M106) -> 2.0630299
C107: A | D107: Ind | E107: =+MAX(E95-E79,0) -> 0.73084611 | F107: =+MAX(F95-F79,0) -> 0.16270819 | G107: =+MAX(G95-G79,0) -> 0.35135699 | H107: =+MAX(H95-H79,0) -> 0.21065227 | I107: =+MAX(I95-I79,0) -> 0.083812006 | J107: =+MAX(J95-J79,0) -> 0.39100009 | K107: =+MAX(K95-K79,0) -> 0.091568411 | L107: =+MAX(L95-L79,0) -> 0.21261714 | M107: =+MAX(M95-M79,0) -> 0.2839924 | N107: =+SUM(E107:M107) -> 2.5185536
C108: A | D108: Serv | E108: =+MAX(E96-E80,0) -> 0.10005971 | F108: =+MAX(F96-F80,0) -> 0.024200773 | G108: =+MAX(G96-G80,0) -> 0.027658027 | H108: =+MAX(H96-H80,0) -> 0.29429765 | I108: =+MAX(I96-I80,0) -> 0.17755406 | J108: =+MAX(J96-J80,0) -> 0.15335329 | K108: =+MAX(K96-K80,0) -> 0.27009688 | L108: =+MAX(L96-L80,0) -> 0.1671823 | M108: =+MAX(M96-M80,0) -> 0.28392589 | N108: =+SUM(E108:M108) -> 1.4983286
C109: B | D109: =+D106 -> Agr | E109: =+MAX(E97-E81,0) -> 0.88104524 | F109: =+MAX(F97-F81,0) -> 0.2511954 | G109: =+MAX(G97-G81,0) -> 0.22658628 | H109: =+MAX(H97-H81,0) -> 0.3046853 | I109: =+MAX(I97-I81,0) -> 0.41695761 | J109: =+MAX(J97-J81,0) -> 0.37099019 | K109: =+MAX(K97-K81,0) -> 0.41695761 | L109: =+MAX(L97-L81,0) -> 0.40516346 | M109: =+MAX(M97-M81,0) -> 0.3795335 | N109: =+SUM(E109:M109) -> 3.6531146
C110: B | D110: =+D107 -> Ind | E110: =+MAX(E98-E82,0) -> 0.39417462 | F110: =+MAX(F98-F82,0) -> 0.093912733 | G110: =+MAX(G98-G82,0) -> 0.1345047 | H110: =+MAX(H98-H82,0) -> 0.26476646 | I110: =+MAX(I98-I82,0) -> 0.29772115 | J110: =+MAX(J98-J82,0) -> 0.17764242 | K110: =+MAX(K98-K82,0) -> 0.38823953 | L110: =+MAX(L98-L82,0) -> 0.096458493 | M110: =+MAX(M98-M82,0) -> 0.34510181 | N110: =+SUM(E110:M110) -> 2.1925219
C111: B | D111: =+D108 -> Serv | E111: =+MAX(E99-E83,0) -> 0.57913348 | F111: =+MAX(F99-F83,0) -> 0.1914297 | G111: =+MAX(G99-G83,0) -> 0.16194404 | H111: =+MAX(H99-H83,0) -> 0.099154551 | I111: =+MAX(I99-I83,0) -> 0.34604016 | J111: =+MAX(J99-J83,0) -> 0.088305586 | K111: =+MAX(K99-K83,0) -> 0.073487064 | L111: =+MAX(L99-L83,0) -> 0.23558249 | M111: =+MAX(M99-M83,0) -> 0.088154199 | N111: =+SUM(E111:M111) -> 1.8632313
...

Sheet IO_sub_model (4)
E3: A | F3: A | G3: A | H3: B | I3: B | J3: B | K3: C | L3: C | M3: C
D4: Z | E4: Agr | F4: Ind | G4: Serv | H4: Agr | I4: Ind | J4: Serv | K4: Agr | L4: Ind | M4: Serv | N4: FD | O4: X | P4: AX | Q4: X
C5: A | D5: Agr | E5: {=+'IO_sub_model (3)'!E150:M158} -> 7.6500076 | F5: 4.0043316 | G5: 7.6500076 | H5: 1.0598954 | I5: 0.39850621 | J5: 6.1080509 | K5: 2.5620014 | L5: 5.5462883 | M5: 1.820911 | N5: =+O5-SUM(E5:M5) -> 30.610989 | O5: {=+TRANSPOSE(_xlfn.ANCHORARRAY(E15))} -> 67.410989 | P5: {=+MMULT(E21:M29,O5:O13)} -> 36.8 | Q5: =+P5+N5 -> 67.410989 | R5: =+Q5=O5 -> TRUE
C6: A | D6: Ind | E6: 7.1700599 | F6: 3.7551622 | G6: 7.8422419 | H6: 4.8976765 | I6: 1.9725425 | J6: 8.7377939 | K6: 2.2906474 | L6: 4.8906249 | M6: 6.4432509 | N6: =+O6-SUM(E6:M6) -> 4.2197802 | O6: 52.21978 | P6: 48 | Q6: =+P6+N6 -> 52.21978 | R6: =+Q6=O6 -> TRUE
C7: A | D7: Serv | E7: 1.3976607 | F7: 0.62076412 | G7: 0.7094447 | H7: 6.6444061 | I7: 4.037508 | J7: 3.4167438 | K7: 6.023642 | L7: 3.7714662 | M7: 6.3783644 | N7: =+O7-SUM(E7:M7) -> 11.624176 | O7: 44.624176 | P7: 33 | Q7: =+P7+N7 -> 44.624176 | R7: =+Q7=O7 -> TRUE
C8: B | D8: =+D5 -> Agr | E8: 8.9172688 | F8: 5.8119918 | G8: 5.3114434 | H8: 6.923397 | I8: 9.4178172 | J8: 8.3657272 | K8: 9.4178172 | L8: 9.2481937 | M8: 8.5863438 | N8: =+O8-SUM(E8:M8) -> 5.8549451 | O8: 77.854945 | P8: 72 | Q8: =+P8+N8 -> 77.854945 | R8: =+Q8=O8 -> TRUE
C9: B | D9: =+D6 -> Ind | E9: 4.0599836 | F9: 2.2451689 | G9: 3.1126056 | H9: 6.0551126 | I9: 6.6163718 | J9: 4.0821013 | K9: 8.7254619 | L9: 2.3472281 | M9: 7.7559661 | N9: =+O9-SUM(E9:M9) -> 2.4725275 | O9: 47.472527 | P9: 45 | Q9: =+P9+N9 -> 47.472527 | R9: =+Q9=O9 -> TRUE
C10: B | D10: =+D7 -> Serv | E10: 5.8093579 | F10: 4.2642116 | G10: 3.6371017 | H10: 2.4141581 | I10: 7.7132029 | J10: 2.0066612 | K10: 1.7557719 | L10: 5.2675422 | M10: 2.1319926 | N10: =+O10-SUM(E10:M10) -> 17.21978 | O10: 52.21978 | P10: 35 | Q10: =+P10+N10 -> 52.21978 | R10: =+Q10=O10 -> TRUE
C11: C | D11: =+D8 -> Agr | E11: 4.3206357 | F11: 9.1726876 | G11: 7.9264611 | H11: 8.157367 | I11: 9.1726876 | J11: 1.6668813 | K11: 7.0091924 | L11: 8.9417817 | M11: 7.6323056 | N11: =+O11-SUM(E11:M11) -> 11.006593 | O11: 75.006593 | P11: 64 | Q11: =+P11+N11 -> 75.006593 | R11: =+Q11=O11 -> TRUE
C12: C | D12: =+D9 -> Ind | E12: 1.8009016 | F12: 6.9962305 | G12: 1.0419787 | H12: 8.0421857 | I12: 0.40870532 | J12: 1.176402 | K12: 6.9791299 | L12: 8.7579152 | M12: 1.7965511 | N12: =+O12-SUM(E12:M12) -> 24.714286 | O12: 61.714286 | P12: 37 | Q12: =+P12+N12 -> 61.714286 | R12: =+Q12=O12 -> TRUE
C13: C | D13: =+D10 -> Serv | E13: 8.7363715 | F13: 2.1195274 | G13: 3.6586 | H13: 8.953015 | I13: 1.257652 | J13: 0.58045476 | K13: 3.2276623 | L13: 0.9674246 | M13: 6.4992924 | N13: =+O13-SUM(E13:M13) -> 20.967033 | O13: 56.967033 | P13: 36 | Q13: =+P13+N13 -> 56.967033 | R13: =+Q13=O13 -> TRUE
D14: VA | E14: =+E15-SUM(E5:E13) -> 17.548742 | F14: =+F15-SUM(F5:F13) -> 13.229705 | G14: =+G15-SUM(G5:G13) -> 3.7342913 | H14: =+H15-SUM(H5:H13) -> 24.707732 | I14: =+I15-SUM(I5:I13) -> 6.4775341 | J14: =+J15-SUM(J5:J13) -> 16.078964 | K14: =+K15-SUM(K5:K13) -> 27.015267 | L14: =+L15-SUM(L5:L13) -> 11.975821 | M14: =+M15-SUM(M5:M13) -> 7.9220549 | N14: =+SUM(E5:M13) -> 406.8
D15: X | E15: {=+'IO_sub_model (3)'!E184:M184} -> 67.410989 | F15: 52.21978 | G15: 44.624176 | H15: 77.854945 | I15: 47.472527 | J15: 52.21978 | K15: 75.006593 | L15: 61.714286 | M15: 56.967033
E16: {=+TRANSPOSE(O5:O13)} -> 67.410989 | F16: 52.21978 | G16: 44.624176 | H16: 77.854945 | I16: 47.472527 | J16: 52.21978 | K16: 75.006593 | L16: 61.714286 | M16: 56.967033
E17: =+E15-E16 -> 0 | F17: =+F15-F16 -> 0 | G17: =+G15-G16 -> 0 | H17: =+H15-H16 -> 0 | I17: =+I15-I16 -> 0 | J17: =+J15-J16 -> 0 | K17: =+K15-K16 -> 0 | L17: =+L15-L16 -> 0 | M17: =+M15-M16 -> 0
E19: A | F19: A | G19: A | H19: B | I19: B | J19: B | K19: C | L19: C | M19: C
D20: A | E20: Agr | F20: Ind | G20: Serv | H20: Agr | I20: Ind | J20: Serv | K20: Agr | L20: Ind | M20: Serv
C21: A | D21: Agr | E21: {=+'IO_sub_model (3)'!E200:M208} -> 0.11348309 | F21: 0.076682276 | G21: 0.17143191 | H21: 0.013613719 | I21: 0.0083944594 | J21: 0.11696815 | K21: 0.034157016 | L21: 0.089870412 | M21: 0.031964295
C22: A | D22: Ind | E22: 0.10636337 | F22: 0.071910723 | G22: 0.17573976 | H22: 0.062907712 | I22: 0.041551242 | J22: 0.16732728 | K22: 0.03053928 | L22: 0.079246237 | M22: 0.11310491
C23: A | D23: Serv | E23: 0.020733425 | F23: 0.011887528 | G23: 0.015898214 | H23: 0.085343405 | I23: 0.085049357 | J23: 0.065430069 | K23: 0.080308167 | L23: 0.061111721 | M23: 0.11196589
C24: B | D24: =+D21 -> Agr | E24: 0.13228212 | F24: 0.11129866 | G24: 0.11902614 | H24: 0.088926875 | I24: 0.19838458 | J24: 0.16020227 | K24: 0.12555986 | L24: 0.14985499 | M24: 0.15072478
C25: B | D25: =+D22 -> Ind | E25: 0.060227326 | F25: 0.042994607 | G25: 0.069751553 | H25: 0.077774284 | I25: 0.13937265 | J25: 0.078171553 | K25: 0.11632927 | L25: 0.038033788 | M25: 0.13614833
C26: B | D26: =+D23 -> Serv | E26: 0.086178203 | F26: 0.081658934 | G26: 0.081505184 | H26: 0.031008411 | I26: 0.16247719 | J26: 0.038427224 | K26: 0.023408235 | L26: 0.085353692 | M26: 0.037425025
C27: C | D27: =+D24 -> Agr | E27: 0.064093938 | F27: 0.17565542 | G27: 0.17762706 | H27: 0.10477648 | I27: 0.19322097 | J27: 0.031920496 | K27: 0.093447683 | L27: 0.14488998 | M27: 0.13397759
C28: C | D28: =+D25 -> Ind | E28: 0.026715253 | F28: 0.13397664 | G28: 0.023350094 | H28: 0.10329704 | I28: 0.0086093019 | J28: 0.0225279 | K28: 0.093046885 | L28: 0.14191066 | M28: 0.03153668
C29: C | D29: =+D26 -> Serv | E29: 0.12959863 | F29: 0.040588592 | G29: 0.081986948 | H29: 0.1149961 | I29: 0.026492206 | J29: 0.011115611 | K29: 0.043031714 | L29: 0.015675862 | M29: 0.11408866
D30: VA | E30: =+E14/E$15 -> 0.26032464 | F30: =+F14/F$15 -> 0.25334661 | G30: =+G14/G$15 -> 0.083683142 | H30: =+H14/H$15 -> 0.31735597 | I30: =+I14/I$15 -> 0.13644806 | J30: =+J14/J$15 -> 0.30790945 | K30: =+K14/K$15 -> 0.3601719 | L30: =+L14/L$15 -> 0.19405265 | M30: =+M14/M$15 -> 0.13906385
D31: X | E31: =SUM(E21:E30) -> 1 | F31: =SUM(F21:F30) -> 1 | G31: =SUM(G21:G30) -> 1 | H31: =SUM(H21:H30) -> 1 | I31: =SUM(I21:I30) -> 1 | J31: =SUM(J21:J30) -> 1 | K31: =SUM(K21:K30) -> 1 | L31: =SUM(L21:L30) -> 1 | M31: =SUM(M21:M30) -> 1
E34: A | F34: A | G34: A | H34: B | I34: B | J34: B | K34: C | L34: C | M34: C
D35: L | E35: Agr | F35: Ind | G35: Serv | H35: Agr | I35: Ind | J35: Serv | K35: Agr | L35: Ind | M35: Serv
C36: A | D36: Agr | E36: {=+MINVERSE(_xlfn.MUNIT(COUNTA($D$36:$D$44))-E21:M29)} -> 1.3024986 | F36: 0.26476433 | G36: 0.4021806 | H36: 0.19341621 | I36: 0.2217646 | J36: 0.29872085 | K36: 0.19945443 | L36: 0.30111385 | M36: 0.25211754
C37: A | D37: Ind | E37: 0.36686055 | F37: 1.3188848 | G37: 0.48231942 | H37: 0.3055798 | I37: 0.33513738 | J37: 0.40656355 | K37: 0.25273965 | L37: 0.35347473 | M37: 0.41405211
C38: A | D38: Serv | E38: 0.21335637 | F38: 0.20129123 | G38: 1.2433615 | H38: 0.26979889 | I38: 0.31065503 | J38: 0.23422779 | K38: 0.25137843 | L38: 0.26235351 | M38: 0.34143398
C39: B | D39: =+D36 -> Agr | E39: 0.53616389 | F39: 0.50876037 | G39: 0.60684137 | H39: 1.4729857 | I39: 0.66326704 | J39: 0.53125516 | K39: 0.48324891 | L39: 0.57893931 | M39: 0.62966759
C40: B | D40: =+D37 -> Ind | E40: 0.32300602 | F40: 0.29589898 | G40: 0.38533173 | H40: 0.32786249 | I40: 1.447513 | J40: 0.31334046 | K40: 0.34868483 | L40: 0.30834072 | M40: 0.4533146
C41: B | D41: =+D38 -> Serv | E41: 0.28257267 | F41: 0.27287798 | G41: 0.3203446 | H41: 0.21950889 | I41: 0.38719924 | J41: 1.2285059 | K41: 0.20334981 | L41: 0.29467469 | M41: 0.27551283
C42: C | D42: =+D39 -> Agr | E42: 0.4333323 | F42: 0.53609547 | G42: 0.62297302 | H42: 0.46721921 | I42: 0.6161632 | J42: 0.3831941 | K42: 1.4295239 | L42: 0.5384113 | M42: 0.58853963
C43: C | D43: =+D40 -> Ind | E43: 0.23814532 | F43: 0.35754843 | G43: 0.28650972 | H43: 0.30910422 | I43: 0.24803842 | J43: 0.22741749 | K43: 0.28240329 | L43: 1.3841927 | M43: 0.28274983
C44: C | D44: =+D41 -> Serv | E44: 0.33515753 | F44: 0.22846495 | G44: 0.32564265 | H44: 0.29918753 | I44: 0.24510406 | J44: 0.20038426 | K44: 0.21416186 | L44: 0.22323633 | M44: 1.3485687
C46: Demand shock | E46: d_shock | F46: 1-d_shock | G46: FD | H46: fd_max | J46: Supply shock | L46: p_shock | M46: 1-p_shock | N46: X | O46: x_max
C47: A | D47: Agr | H47: {=+N5:N13} -> 30.610989 | J47: A | K47: Agr | L47: 0 | M47: =1-L47% -> 1 | N47: {=+_xlfn.ANCHORARRAY(O5)} -> 67.410989 | O47: {=+_xlfn.ANCHORARRAY(O5)} -> 67.410989
C48: A | D48: Ind | H48: 4.2197802 | J48: A | K48: Ind | M48: =1-L48% -> 1 | N48: 52.21978 | O48: 52.21978
C49: A | D49: Serv | H49: 11.624176 | J49: A | K49: Serv | M49: =1-L49% -> 1 | N49: 44.624176 | O49: 44.624176
C50: B | D50: =+D47 -> Agr | H50: 5.8549451 | J50: B | K50: =+K47 -> Agr | M50: =1-L50% -> 1 | N50: 77.854945 | O50: 77.854945
C51: B | D51: =+D48 -> Ind | H51: 2.4725275 | J51: B | K51: =+K48 -> Ind | M51: =1-L51% -> 1 | N51: 47.472527 | O51: 47.472527
C52: B | D52: =+D49 -> Serv | H52: 17.21978 | J52: B | K52: =+K49 -> Serv | M52: =1-L52% -> 1 | N52: 52.21978 | O52: 52.21978
C53: C | D53: =+D50 -> Agr | H53: 11.006593 | J53: C | K53: =+K50 -> Agr | M53: =1-L53% -> 1 | N53: 75.006593 | O53: 75.006593
C54: C | D54: =+D51 -> Ind | H54: 24.714286 | J54: C | K54: =+K51 -> Ind | M54: =1-L54% -> 1 | N54: 61.714286 | O54: 61.714286
C55: C | D55: =+D52 -> Serv | H55: 20.967033 | J55: C | K55: =+K52 -> Serv | M55: =1-L55% -> 1 | N55: 56.967033 | O55: 56.967033
G56: =SUM(G47:G55) -> 0 | H56: =SUM(H47:H55) -> 128.69011 | N56: =SUM(N47:N55) -> 535.49011 | O56: =SUM(O47:O55) -> 535.49011
A59: Step 1-2 | E59: x_md | F59: x_max | G59: r
C60: A | D60: Agr | E60: {=+'IO_sub_model (3)'!F188:F196} -> 64.003401 | F60: {=+_xlfn.ANCHORARRAY(O5)} -> 67.410989 | G60: =+MIN(F60/E60,1) -> 1
C61: A | D61: Ind | E61: 52.582736 | F61: 52.21978 | G61: =+MIN(F61/E61,1) -> 0.99309743
C62: A | D62: Serv | E62: 44.934338 | F62: 44.624176 | G62: =+MIN(F62/E62,1) -> 0.99309743
C63: B | D63: =+D60 -> Agr | E63: 78.39608 | F63: 77.854945 | G63: =+MIN(F63/E63,1) -> 0.99309743
C64: B | D64: =+D61 -> Ind | E64: 47.802488 | F64: 47.472527 | G64: =+MIN(F64/E64,1) -> 0.99309743
C65: B | D65: =+D62 -> Serv | E65: 52.582736 | F65: 52.21978 | G65: =+MIN(F65/E65,1) -> 0.99309743
C66: C | D66: =+D63 -> Agr | E66: 75.52793 | F66: 75.006593 | G66: =+MIN(F66/E66,1) -> 0.99309743
C67: C | D67: =+D64 -> Ind | E67: 62.143234 | F67: 61.714286 | G67: =+MIN(F67/E67,1) -> 0.99309743
C68: C | D68: =+D65 -> Serv | E68: 57.362985 | F68: 56.967033 | G68: =+MIN(F68/E68,1) -> 0.99309743
A70: Step 3 | E70: A | F70: A | G70: A | H70: B | I70: B | J70: B | K70: C | L70: C | M70: C
E71: Agr | F71: Ind | G71: Serv | H71: Agr | I71: Ind | J71: Serv | K71: Agr | L71: Ind | M71: Serv
C72: bottlneck | D72: s | E72: {=+MIN(_xlfn._xlws.FILTER($G$60:$G$68,E21:E29>0))} -> 0.99309743 | F72: {=+MIN(_xlfn._xlws.FILTER($G$60:$G$68,F21:F29>0))} -> 0.99309743 | G72: {=+MIN(_xlfn._xlws.FILTER($G$60:$G$68,G21:G29>0))} -> 0.99309743 | H72: {=+MIN(_xlfn._xlws.FILTER($G$60:$G$68,H21:H29>0))} -> 0.99309743 | I72: {=+MIN(_xlfn._xlws.FILTER($G$60:$G$68,I21:I29>0))} -> 0.99309743 | J72: {=+MIN(_xlfn._xlws.FILTER($G$60:$G$68,J21:J29>0))} -> 0.99309743 | K72: {=+MIN(_xlfn._xlws.FILTER($G$60:$G$68,K21:K29>0))} -> 0.99309743 | L72: {=+MIN(_xlfn._xlws.FILTER($G$60:$G$68,L21:L29>0))} -> 0.99309743 | M72: {=+MIN(_xlfn._xlws.FILTER($G$60:$G$68,M21:M29>0))} -> 0.99309743
C73: supply | D73: 1-p_shock | E73: {=+TRANSPOSE(M47:M55)} -> 1 | F73: 1 | G73: 1 | H73: 1 | I73: 1 | J73: 1 | K73: 1 | L73: 1 | M73: 1
D74: constraint | E74: =+MIN(E72:E73) -> 0.99309743 | F74: =+MIN(F72:F73) -> 0.99309743 | G74: =+MIN(G72:G73) -> 0.99309743 | H74: =+MIN(H72:H73) -> 0.99309743 | I74: =+MIN(I72:I73) -> 0.99309743 | J74: =+MIN(J72:J73) -> 0.99309743 | K74: =+MIN(K72:K73) -> 0.99309743 | L74: =+MIN(L72:L73) -> 0.99309743 | M74: =+MIN(M72:M73) -> 0.99309743
A76: Step 4 | E76: A | F76: A | G76: A | H76: B | I76: B | J76: B | K76: C | L76: C | M76: C
D77: Z_cons | E77: Agr | F77: Ind | G77: Serv | H77: Agr | I77: Ind | J77: Serv | K77: Agr | L77: Ind | M77: Serv
B78: {=+TRANSPOSE(E74:M74)} -> 0.99309743 | C78: A | D78: Agr | E78: =+E5*$B78 -> 7.5972029 | F78: =+F5*$B78 -> 3.9766914 | G78: =+G5*$B78 -> 7.5972029 | H78: =+H5*$B78 -> 1.0525793 | I78: =+I5*$B78 -> 0.39575549 | J78: =+J5*$B78 -> 6.0658896 | K78: =+K5*$B78 -> 2.544317 | L78: =+L5*$B78 -> 5.5080046 | M78: =+M5*$B78 -> 1.8083421
B79: 0.99309743 | C79: A | D79: Ind | E79: =+E6*$B79 -> 7.1205681 | F79: =+F6*$B79 -> 3.7292419 | G79: =+G6*$B79 -> 7.7881102 | H79: =+H6*$B79 -> 4.8638699 | I79: =+I6*$B79 -> 1.9589268 | J79: =+J6*$B79 -> 8.6774806 | K79: =+K6*$B79 -> 2.274836 | L79: =+L6*$B79 -> 4.856867 | M79: =+M6*$B79 -> 6.3987759
B80: 0.99309743 | C80: A | D80: Serv | E80: =+E7*$B80 -> 1.3880133 | F80: =+F7*$B80 -> 0.61647925 | G80: =+G7*$B80 -> 0.70454771 | H80: =+H7*$B80 -> 6.5985426 | I80: =+I7*$B80 -> 4.0096388 | J80: =+J7*$B80 -> 3.3931595 | K80: =+K7*$B80 -> 5.9820634 | L80: =+L7*$B80 -> 3.7454334 | M80: =+M7*$B80 -> 6.3343372
B81: 0.99309743 | C81: B | D81: =+D78 -> Agr | E81: =+E8*$B81 -> 8.8557167 | F81: =+F8*$B81 -> 5.7718741 | G81: =+G8*$B81 -> 5.2747808 | H81: =+H8*$B81 -> 6.8756077 | I81: =+I8*$B81 -> 9.35281 | J81: =+J8*$B81 -> 8.3079821 | K81: =+K8*$B81 -> 9.35281 | L81: =+L8*$B81 -> 9.1843574 | M81: =+M8*$B81 -> 8.5270759
B82: 0.99309743 | C82: B | D82: =+D79 -> Ind | E82: =+E9*$B82 -> 4.0319593 | F82: =+F9*$B82 -> 2.2296715 | G82: =+G9*$B82 -> 3.0911206 | H82: =+H9*$B82 -> 6.0133167 | I82: =+I9*$B82 -> 6.5707018 | J82: =+J9*$B82 -> 4.0539243 | K82: =+K9*$B82 -> 8.6652338 | L82: =+L9*$B82 -> 2.3310262 | M82: =+M9*$B82 -> 7.70243
B83: 0.99309743 | C83: B | D83: =+D80 -> Serv | E83: =+E10*$B83 -> 5.7692584 | F83: =+F10*$B83 -> 4.2347775 | G83: =+G10*$B83 -> 3.6119963 | H83: =+H10*$B83 -> 2.3974942 | I83: =+I10*$B83 -> 7.6599619 | J83: =+J10*$B83 -> 1.99281 | K83: =+K10*$B83 -> 1.7436526 | L83: =+L10*$B83 -> 5.2311826 | M83: =+M10*$B83 -> 2.1172764
B84: 0.99309743 | C84: C | D84: =+D81 -> Agr | E84: =+E11*$B84 -> 4.2908122 | F84: =+F11*$B84 -> 9.1093724 | G84: =+G11*$B84 -> 7.8717481 | H84: =+H11*$B84 -> 8.1010602 | I84: =+I11*$B84 -> 9.1093724 | J84: =+J11*$B84 -> 1.6553755 | K84: =+K11*$B84 -> 6.9608109 | L84: =+L11*$B84 -> 8.8800604 | M84: =+M11*$B84 -> 7.5796231
B85: 0.99309743 | C85: C | D85: =+D82 -> Ind | E85: =+E12*$B85 -> 1.7884708 | F85: =+F12*$B85 -> 6.9479386 | G85: =+G12*$B85 -> 1.0347864 | H85: =+H12*$B85 -> 7.9866739 | I85: =+I12*$B85 -> 0.4058842 | J85: =+J12*$B85 -> 1.1682818 | K85: =+K12*$B85 -> 6.9309559 | L85: =+L12*$B85 -> 8.697463 | M85: =+M12*$B85 -> 1.7841503
B86: 0.99309743 | C86: C | D86: =+D83 -> Serv | E86: =+E13*$B86 -> 8.6760681 | F86: =+F13*$B86 -> 2.1048972 | G86: =+G13*$B86 -> 3.6333462 | H86: =+H13*$B86 -> 8.8912162 | I86: =+I13*$B86 -> 1.2489709 | J86: =+J13*$B86 -> 0.57644813 | K86: =+K13*$B86 -> 3.2053831 | L86: =+L13*$B86 -> 0.96074688 | M86: =+M13*$B86 -> 6.4544306
N87: =+SUM(E78:M86) -> 403.99203
D88: {=+TRANSPOSE(E59:F68)} -> x_md | E88: 64.003401 | F88: 52.582736 | G88: 44.934338 | H88: 78.39608 | I88: 47.802488 | J88: 52.582736 | K88: 75.52793 | L88: 62.143234 | M88: 57.362985
D89: x_max | E89: 67.410989 | F89: 52.21978 | G89: 44.624176 | H89: 77.854945 | I89: 47.472527 | J89: 52.21978 | K89: 75.006593 | L89: 61.714286 | M89: 56.967033
E90: =+MIN(E88:E89) -> 64.003401 | F90: =+MIN(F88:F89) -> 52.21978 | G90: =+MIN(G88:G89) -> 44.624176 | H90: =+MIN(H88:H89) -> 77.854945 | I90: =+MIN(I88:I89) -> 47.472527 | J90: =+MIN(J88:J89) -> 52.21978 | K90: =+MIN(K88:K89) -> 75.006593 | L90: =+MIN(L88:L89) -> 61.714286 | M90: =+MIN(M88:M89) -> 56.967033
A92: Step 5 | E92: A | F92: A | G92: A | H92: B | I92: B | J92: B | K92: C | L92: C | M92: C
D93: Z_need | E93: Agr | F93: Ind | G93: Serv | H93: Agr | I93: Ind | J93: Serv | K93: Agr | L93: Ind | M93: Serv
C94: A | D94: Agr | E94: =+E21*E$88 -> 7.2633039 | F94: =+F21*F$88 -> 4.0321639 | G94: =+G21*G$88 -> 7.7031793 | H94: =+H21*H$88 -> 1.0672622 | I94: =+I21*I$88 -> 0.40127604 | J94: =+J21*J$88 -> 6.1505052 | K94: =+K21*K$88 -> 2.5798088 | L94: =+L21*L$88 -> 5.584838 | M94: =+M21*M$88 -> 1.8335674
C95: A | D95: Ind | E95: =+E22*E$88 -> 6.8076174 | F95: =+F22*F$88 -> 3.7812626 | G95: =+G22*G$88 -> 7.8967497 | H95: =+H22*H$88 -> 4.931718 | I95: =+I22*I$88 -> 1.9862527 | J95: =+J22*J$88 -> 8.7985263 | K95: =+K22*K$88 -> 2.3065686 | L95: =+L22*L$88 -> 4.9246175 | M95: =+M22*M$88 -> 6.4880351
C96: A | D96: Serv | E96: =+E23*E$88 -> 1.3270097 | F96: =+F23*F$88 -> 0.62507877 | G96: =+G23*G$88 -> 0.71437574 | H96: =+H23*H$88 -> 6.6905884 | I96: =+I23*I$88 -> 4.0655709 | J96: =+J23*J$88 -> 3.4404921 | K96: =+K23*K$88 -> 6.0655096 | L96: =+L23*L$88 -> 3.79768 | M96: =+M23*M$88 -> 6.4226975
C97: B | D97: =+D94 -> Agr | E97: =+E24*E$88 -> 8.4665057 | F97: =+F24*F$88 -> 5.8523883 | G97: =+G24*G$88 -> 5.3483608 | H97: =+H24*H$88 -> 6.9715184 | I97: =+I24*I$88 -> 9.4832762 | J97: =+J24*J$88 -> 8.4238736 | K97: =+K24*K$88 -> 9.4832762 | L97: =+L24*L$88 -> 9.3124738 | M97: =+M24*M$88 -> 8.6460236
C98: B | D98: =+D95 -> Ind | E98: =+E25*E$88 -> 3.8547537 | F98: =+F25*F$88 -> 2.2607741 | G98: =+G25*G$88 -> 3.1342399 | H98: =+H25*H$88 -> 6.0971989 | I98: =+I25*I$88 -> 6.6623592 | J98: =+J25*J$88 -> 4.1104742 | K98: =+K25*K$88 -> 8.7861087 | L98: =+L25*L$88 -> 2.3635426 | M98: =+M25*M$88 -> 7.8098744
C99: B | D99: =+D96 -> Serv | E99: =+E26*E$88 -> 5.515698 | F99: =+F26*F$88 -> 4.2938502 | G99: =+G26*G$88 -> 3.6623815 | H99: =+H26*H$88 -> 2.4309378 | I99: =+I26*I$88 -> 7.7668139 | J99: =+J26*J$88 -> 2.0206086 | K99: =+K26*K$88 -> 1.7679755 | L99: =+L26*L$88 -> 5.3041545 | M99: =+M26*M$88 -> 2.1468111
C100: C | D100: =+D97 -> Agr | E100: =+E27*E$88 -> 4.10223 | F100: =+F27*F$88 -> 9.2364428 | G100: =+G27*G$88 -> 7.9815544 | H100: =+H27*H$88 -> 8.2140652 | I100: =+I27*I$88 -> 9.2364428 | J100: =+J27*J$88 -> 1.678467 | K100: =+K27*K$88 -> 7.0579101 | L100: =+L27*L$88 -> 9.003932 | M100: =+M27*M$88 -> 7.6853543
C101: C | D101: =+D98 -> Ind | E101: =+E28*E$88 -> 1.7098671 | F101: =+F28*F$88 -> 7.0448582 | G101: =+G28*G$88 -> 1.049221 | H101: =+H28*H$88 -> 8.0980833 | I101: =+I28*I$88 -> 0.41154605 | J101: =+J28*J$88 -> 1.1845786 | K101: =+K28*K$88 -> 7.0276387 | L101: =+L28*L$88 -> 8.8187875 | M101: =+M28*M$88 -> 1.8090381
C102: C | D102: =+D99 -> Serv | E102: =+E29*E$88 -> 8.2947528 | F102: =+F29*F$88 -> 2.1342593 | G102: =+G29*G$88 -> 3.6840293 | H102: =+H29*H$88 -> 9.0152434 | I102: =+I29*I$88 -> 1.2663933 | J102: =+J29*J$88 -> 0.58448924 | K102: =+K29*K$88 -> 3.2500963 | L102: =+L29*L$88 -> 0.97414873 | M102: =+M29*M$88 -> 6.5444661
N103: =+SUM(E94:M102) -> 406.7604
E104: A | F104: A | G104: A | H104: B | I104: B | J104: B | K104: C | L104: C | M104: C
D105: exD | E105: Agr | F105: Ind | G105: Serv | H105: Agr | I105: Ind | J105: Serv | K105: Agr | L105: Ind | M105: Serv
C106: A | D106: Agr | E106: =+MAX(E94-E78,0) -> 0 | F106: =+MAX(F94-F78,0) -> 0.055472495 | G106: =+MAX(G94-G78,0) -> 0.10597649 | H106: =+MAX(H94-H78,0) -> 0.01468286 | I106: =+MAX(I94-I78,0) -> 0.0055205552 | J106: =+MAX(J94-J78,0) -> 0.084615576 | K106: =+MAX(K94-K78,0) -> 0.035491719 | L106: =+MAX(L94-L78,0) -> 0.07683341 | M106: =+MAX(M94-M78,0) -> 0.025225303 | N106: =+SUM(E106:M106) -> 0.40381841
C107: A | D107: Ind | E107: =+MAX(E95-E79,0) -> 0 | F107: =+MAX(F95-F79,0) -> 0.05202072 | G107: =+MAX(G95-G79,0) -> 0.10863953 | H107: =+MAX(H95-H79,0) -> 0.067848111 | I107: =+MAX(I95-I79,0) -> 0.027325872 | J107: =+MAX(J95-J79,0) -> 0.12104573 | K107: =+MAX(K95-K79,0) -> 0.031732618 | L107: =+MAX(L95-L79,0) -> 0.067750425 | M107: =+MAX(M95-M79,0) -> 0.089259143 | N107: =+SUM(E107:M107) -> 0.56562215
C108: A | D108: Serv | E108: =+MAX(E96-E80,0) -> 0 | F108: =+MAX(F96-F80,0) -> 0.0085995212 | G108: =+MAX(G96-G80,0) -> 0.0098280242 | H108: =+MAX(H96-H80,0) -> 0.09204577 | I108: =+MAX(I96-I80,0) -> 0.055932091 | J108: =+MAX(J96-J80,0) -> 0.04733257 | K108: =+MAX(K96-K80,0) -> 0.083446249 | L108: =+MAX(L96-L80,0) -> 0.052246582 | M108: =+MAX(M96-M80,0) -> 0.088360261 | N108: =+SUM(E108:M108) -> 0.43779107
C109: B | D109: =+D106 -> Agr | E109: =+MAX(E97-E81,0) -> 0 | F109: =+MAX(F97-F81,0) -> 0.080514233 | G109: =+MAX(G97-G81,0) -> 0.073580074 | H109: =+MAX(H97-H81,0) -> 0.095910665 | I109: =+MAX(I97-I81,0) -> 0.13046617 | J109: =+MAX(J97-J81,0) -> 0.11589144 | K109: =+MAX(K97-K81,0) -> 0.13046617 | L109: =+MAX(L97-L81,0) -> 0.12811636 | M109: =+MAX(M97-M81,0) -> 0.11894767 | N109: =+SUM(E109:M109) -> 0.87389279
C110: B | D110: =+D107 -> Ind | E110: =+MAX(E98-E82,0) -> 0 | F110: =+MAX(F98-F82,0) -> 0.0311026 | G110: =+MAX(G98-G82,0) -> 0.043119305 | H110: =+MAX(H98-H82,0) -> 0.083882215 | I110: =+MAX(I98-I82,0) -> 0.091657408 | J110: =+MAX(J98-J82,0) -> 0.056549849 | K110: =+MAX(K98-K82,0) -> 0.12087489 | L110: =+MAX(L98-L82,0) -> 0.032516437 | M110: =+MAX(M98-M82,0) -> 0.10744435 | N110: =+SUM(E110:M110) -> 0.56714705
C111: B | D111: =+D108 -> Serv | E111: =+MAX(E99-E83,0) -> 0 | F111: =+MAX(F99-F83,0) -> 0.059072644 | G111: =+MAX(G99-G83,0) -> 0.050385214 | H111: =+MAX(H99-H83,0) -> 0.033443628 | I111: =+MAX(I99-I83,0) -> 0.10685194 | J111: =+MAX(J99-J83,0) -> 0.027798522 | K111: =+MAX(K99-K83,0) -> 0.024322923 | L111: =+MAX(L99-L83,0) -> 0.072971905 | M111: =+MAX(M99-M83,0) -> 0.029534754 | N111: =+SUM(E111:M111) -> 0.40438153
...

Sheet IO_sub_model (5)
E3: A | F3: A | G3: A | H3: B | I3: B | J3: B | K3: C | L3: C | M3: C
D4: Z | E4: Agr | F4: Ind | G4: Serv | H4: Agr | I4: Ind | J4: Serv | K4: Agr | L4: Ind | M4: Serv | N4: FD | O4: X | P4: AX | Q4: X
C5: A | D5: Agr | E5: {=+'IO_sub_model (4)'!E150:M158} -> 7.5972029 | F5: 4.0084432 | G5: 7.6321299 | H5: 1.0795684 | I5: 0.42750732 | J5: 6.0928787 | K5: 2.5760689 | L5: 5.5476944 | M5: 1.8385063 | N5: =+O5-SUM(E5:M5) -> 30.14568 | O5: {=+TRANSPOSE(_xlfn.ANCHORARRAY(E15))} -> 66.94568 | P5: {=+MMULT(E21:M29,O5:O13)} -> 36.8 | Q5: =+P5+N5 -> 66.94568 | R5: =+Q5=O5 -> TRUE
C6: A | D6: Ind | E6: 7.1205681 | F6: 3.7660556 | G6: 7.8220921 | H6: 4.9176746 | I6: 1.9844133 | J6: 8.7171261 | K6: 2.3258089 | L6: 4.9021762 | M6: 6.4440851 | N6: =+O6-SUM(E6:M6) -> 4.2693422 | O6: 52.269342 | P6: 48 | Q6: =+P6+N6 -> 52.269342 | R6: =+Q6=O6 -> TRUE
C7: A | D7: Serv | E7: 1.3880133 | F7: 0.6345985 | G7: 0.72525543 | H7: 6.645135 | I7: 4.0432888 | J7: 3.4086903 | K7: 6.0105365 | L7: 3.771318 | M7: 6.3731642 | N7: =+O7-SUM(E7:M7) -> 11.666529 | O7: 44.666529 | P7: 33 | Q7: =+P7+N7 -> 44.666529 | R7: =+Q7=O7 -> TRUE
C8: B | D8: =+D5 -> Agr | E8: 8.8557167 | F8: 5.8339973 | G8: 5.3431162 | H8: 6.9284124 | I8: 9.4149332 | J8: 8.3607868 | K8: 9.4149332 | L8: 9.2620113 | M8: 8.5860929 | N8: =+O8-SUM(E8:M8) -> 5.9288375 | O8: 77.928837 | P8: 72 | Q8: =+P8+N8 -> 77.928837 | R8: =+Q8=O8 -> TRUE
C9: B | D9: =+D6 -> Ind | E9: 4.0319593 | F9: 2.2641844 | G9: 3.1229786 | H9: 6.0637586 | I9: 6.5945954 | J9: 4.091092 | K9: 8.7130208 | L9: 2.3735035 | M9: 7.7449074 | N9: =+O9-SUM(E9:M9) -> 2.5175838 | O9: 47.517584 | P9: 45 | Q9: =+P9+N9 -> 47.517584 | R9: =+Q9=O9 -> TRUE
C10: B | D10: =+D7 -> Serv | E10: 5.7692584 | F10: 4.2539949 | G10: 3.633959 | H10: 2.4469104 | I10: 7.6956514 | J10: 2.0092821 | K10: 1.7738514 | L10: 5.258636 | M10: 2.1584565 | N10: =+O10-SUM(E10:M10) -> 17.269342 | O10: 52.269342 | P10: 35 | Q10: =+P10+N10 -> 52.269342 | R10: =+Q10=O10 -> TRUE
C11: C | D11: =+D8 -> Agr | E11: 4.2908122 | F11: 9.164593 | G11: 7.9324908 | H11: 8.1479977 | I11: 9.164593 | J11: 1.702313 | K11: 7.0160315 | L11: 8.9490861 | M11: 7.6320826 | N11: =+O11-SUM(E11:M11) -> 11.077782 | O11: 75.077782 | P11: 64 | Q11: =+P11+N11 -> 75.077782 | R11: =+Q11=O11 -> TRUE
C12: C | D12: =+D9 -> Ind | E12: 1.7884708 | F12: 6.9763158 | G12: 1.0609808 | H12: 8.0281483 | I12: 0.42552999 | J12: 1.1988419 | K12: 6.9702475 | L12: 8.7323889 | M12: 1.8190761 | N12: =+O12-SUM(E12:M12) -> 24.772859 | O12: 61.772859 | P12: 37 | Q12: =+P12+N12 -> 61.772859 | R12: =+Q12=O12 -> TRUE
C13: C | D13: =+D10 -> Serv | E13: 8.6760681 | F13: 2.1246636 | G13: 3.6559365 | H13: 8.9420442 | I13: 1.2856801 | J13: 0.59339081 | K13: 3.2364447 | L13: 0.98898468 | M13: 6.4967873 | N13: =+O13-SUM(E13:M13) -> 21.021101 | O13: 57.021101 | P13: 36 | Q13: =+P13+N13 -> 57.021101 | R13: =+Q13=O13 -> TRUE
D14: VA | E14: =+E15-SUM(E5:E13) -> 17.42761 | F14: =+F15-SUM(F5:F13) -> 13.242496 | G14: =+G15-SUM(G5:G13) -> 3.7375895 | H14: =+H15-SUM(H5:H13) -> 24.729188 | I14: =+I15-SUM(I5:I13) -> 6.4813914 | J14: =+J15-SUM(J5:J13) -> 16.09494 | K14: =+K15-SUM(K5:K13) -> 27.040839 | L14: =+L15-SUM(L5:L13) -> 11.98706 | M14: =+M15-SUM(M5:M13) -> 7.9279421 | N14: =+SUM(E5:M13) -> 406.8
D15: X | E15: {=+'IO_sub_model (4)'!E184:M184} -> 66.94568 | F15: 52.269342 | G15: 44.666529 | H15: 77.928837 | I15: 47.517584 | J15: 52.269342 | K15: 75.077782 | L15: 61.772859 | M15: 57.021101
E16: {=+TRANSPOSE(O5:O13)} -> 66.94568 | F16: 52.269342 | G16: 44.666529 | H16: 77.928837 | I16: 47.517584 | J16: 52.269342 | K16: 75.077782 | L16: 61.772859 | M16: 57.021101
E17: =+E15-E16 -> 0 | F17: =+F15-F16 -> 0 | G17: =+G15-G16 -> 0 | H17: =+H15-H16 -> 0 | I17: =+I15-I16 -> 0 | J17: =+J15-J16 -> 0 | K17: =+K15-K16 -> 0 | L17: =+L15-L16 -> 0 | M17: =+M15-M16 -> 0
E19: A | F19: A | G19: A | H19: B | I19: B | J19: B | K19: C | L19: C | M19: C
D20: A | E20: Agr | F20: Ind | G20: Serv | H20: Agr | I20: Ind | J20: Serv | K20: Agr | L20: Ind | M20: Serv
C21: A | D21: Agr | E21: {=+'IO_sub_model (4)'!E200:M208} -> 0.11348309 | F21: 0.076688228 | G21: 0.17086911 | H21: 0.013853259 | I21: 0.0089968237 | J21: 0.11656697 | K21: 0.034312 | L21: 0.08980796 | M21: 0.032242561
C22: A | D22: Ind | E22: 0.10636337 | F22: 0.072050947 | G22: 0.17512201 | H22: 0.063104683 | I22: 0.041761662 | J22: 0.16677321 | K22: 0.030978657 | L22: 0.079358092 | M22: 0.11301229
C23: A | D23: Serv | E23: 0.020733425 | F23: 0.012140931 | G23: 0.016237112 | H23: 0.085271835 | I23: 0.08509037 | J23: 0.065213951 | K23: 0.080057459 | L23: 0.061051376 | M23: 0.11176852
C24: B | D24: =+D21 -> Agr | E24: 0.13228212 | F24: 0.11161413 | G24: 0.11962237 | H24: 0.088906914 | I24: 0.19813577 | J24: 0.15995584 | K24: 0.12540239 | L24: 0.14993658 | M24: 0.15057747
C25: B | D25: =+D22 -> Ind | E25: 0.060227326 | F25: 0.043317636 | G25: 0.069917647 | H25: 0.077811485 | I25: 0.13878221 | J25: 0.078269438 | K25: 0.11605325 | L25: 0.03842308 | M25: 0.13582529
C26: B | D26: =+D23 -> Serv | E26: 0.086178203 | F26: 0.081386043 | G26: 0.081357543 | H26: 0.031399293 | I26: 0.16195376 | J26: 0.038440929 | K26: 0.023626848 | L26: 0.085128583 | M26: 0.037853645
C27: C | D27: =+D24 -> Agr | E27: 0.064093938 | F27: 0.175334 | G27: 0.17759363 | H27: 0.1045569 | I27: 0.1928674 | J27: 0.032568097 | K27: 0.093450169 | L27: 0.14487084 | M27: 0.13384664
C28: C | D28: =+D25 -> Ind | E28: 0.026715253 | F28: 0.1334686 | G28: 0.023753374 | H28: 0.10301897 | I28: 0.0089552109 | J28: 0.022935852 | K28: 0.092840349 | L28: 0.14136287 | M28: 0.031901807
C29: C | D29: =+D26 -> Serv | E29: 0.12959863 | F29: 0.040648371 | G29: 0.081849577 | H29: 0.11474628 | I29: 0.027056933 | J29: 0.011352559 | K29: 0.043107889 | L29: 0.016010019 | M29: 0.11393655
D30: VA | E30: =+E14/E$15 -> 0.26032464 | F30: =+F14/F$15 -> 0.25335111 | G30: =+G14/G$15 -> 0.083677635 | H30: =+H14/H$15 -> 0.31733038 | I30: =+I14/I$15 -> 0.13639985 | J30: =+J14/J$15 -> 0.30792315 | K30: =+K14/K$15 -> 0.36017099 | L30: =+L14/L$15 -> 0.19405059 | M30: =+M14/M$15 -> 0.13903523
D31: X | E31: =SUM(E21:E30) -> 1 | F31: =SUM(F21:F30) -> 1 | G31: =SUM(G21:G30) -> 1 | H31: =SUM(H21:H30) -> 1 | I31: =SUM(I21:I30) -> 1 | J31: =SUM(J21:J30) -> 1 | K31: =SUM(K21:K30) -> 1 | L31: =SUM(L21:L30) -> 1 | M31: =SUM(M21:M30) -> 1
E34: A | F34: A | G34: A | H34: B | I34: B | J34: B | K34: C | L34: C | M34: C
D35: L | E35: Agr | F35: Ind | G35: Serv | H35: Agr | I35: Ind | J35: Serv | K35: Agr | L35: Ind | M35: Serv
C36: A | D36: Agr | E36: {=+MINVERSE(_xlfn.MUNIT(COUNTA($D$36:$D$44))-E21:M29)} -> 1.3027569 | F36: 0.26496923 | G36: 0.40191273 | H36: 0.19390839 | I36: 0.22273243 | J36: 0.29846735 | K36: 0.19983424 | L36: 0.30117487 | M36: 0.25277463
C37: A | D37: Ind | E37: 0.36702114 | F37: 1.3192653 | G37: 0.48197515 | H37: 0.3059668 | I37: 0.33561727 | J37: 0.40612057 | K37: 0.25333581 | L37: 0.3537666 | M37: 0.41421486
C38: A | D38: Serv | E38: 0.21324553 | F38: 0.20143186 | G38: 1.2436345 | H38: 0.26959483 | I38: 0.31056091 | J38: 0.23404235 | K38: 0.25100491 | L38: 0.26223516 | M38: 0.34110116
C39: B | D39: =+D36 -> Agr | E39: 0.53616295 | F39: 0.50910547 | G39: 0.60747433 | H39: 1.4729859 | I39: 0.66304551 | J39: 0.53110646 | K39: 0.48305851 | L39: 0.5791079 | M39: 0.6295378
C40: B | D40: =+D37 -> Ind | E40: 0.32288468 | F40: 0.29622227 | G40: 0.38540124 | H40: 0.32775697 | I40: 1.4467349 | J40: 0.31344804 | K40: 0.34824399 | L40: 0.30880017 | M40: 0.45272924
C41: B | D41: =+D38 -> Serv | E41: 0.2826726 | F41: 0.27272718 | G41: 0.3203001 | H41: 0.21995987 | I41: 0.38677348 | J41: 1.228522 | K41: 0.20355136 | L41: 0.29455355 | M41: 0.27597932
C42: C | D42: =+D39 -> Agr | E42: 0.43310444 | F42: 0.53569032 | G42: 0.62274781 | H42: 0.46671246 | I42: 0.61568325 | J42: 0.38359314 | K42: 1.4292366 | L42: 0.53827648 | M42: 0.58799427
C43: C | D43: =+D40 -> Ind | E43: 0.23801997 | F43: 0.3567679 | G43: 0.28672755 | H43: 0.30865225 | I43: 0.24837732 | J43: 0.22763211 | K43: 0.28207177 | L43: 1.3833412 | M43: 0.28299868
C44: C | D44: =+D41 -> Serv | E44: 0.33536799 | F44: 0.22886179 | G44: 0.32579504 | H44: 0.2991647 | I44: 0.24610179 | J44: 0.20077112 | K44: 0.21446583 | L44: 0.22388533 | M44: 1.3486766
C46: Demand shock | E46: d_shock | F46: 1-d_shock | G46: FD | H46: fd_max | J46: Supply shock | L46: p_shock | M46: 1-p_shock | N46: X | O46: x_max
C47: A | D47: Agr | H47: {=+N5:N13} -> 30.14568 | J47: A | K47: Agr | L47: 0 | M47: =1-L47% -> 1 | N47: {=+_xlfn.ANCHORARRAY(O5)} -> 66.94568 | O47: {=+_xlfn.ANCHORARRAY(O5)} -> 66.94568
C48: A | D48: Ind | H48: 4.2693422 | J48: A | K48: Ind | M48: =1-L48% -> 1 | N48: 52.269342 | O48: 52.269342
C49: A | D49: Serv | H49: 11.666529 | J49: A | K49: Serv | M49: =1-L49% -> 1 | N49: 44.666529 | O49: 44.666529
C50: B | D50: =+D47 -> Agr | H50: 5.9288375 | J50: B | K50: =+K47 -> Agr | M50: =1-L50% -> 1 | N50: 77.928837 | O50: 77.928837
C51: B | D51: =+D48 -> Ind | H51: 2.5175838 | J51: B | K51: =+K48 -> Ind | M51: =1-L51% -> 1 | N51: 47.517584 | O51: 47.517584
C52: B | D52: =+D49 -> Serv | H52: 17.269342 | J52: B | K52: =+K49 -> Serv | M52: =1-L52% -> 1 | N52: 52.269342 | O52: 52.269342
C53: C | D53: =+D50 -> Agr | H53: 11.077782 | J53: C | K53: =+K50 -> Agr | M53: =1-L53% -> 1 | N53: 75.077782 | O53: 75.077782
C54: C | D54: =+D51 -> Ind | H54: 24.772859 | J54: C | K54: =+K51 -> Ind | M54: =1-L54% -> 1 | N54: 61.772859 | O54: 61.772859
C55: C | D55: =+D52 -> Serv | H55: 21.021101 | J55: C | K55: =+K52 -> Serv | M55: =1-L55% -> 1 | N55: 57.021101 | O55: 57.021101
G56: =SUM(G47:G55) -> 0 | H56: =SUM(H47:H55) -> 128.66906 | N56: =SUM(N47:N55) -> 535.46906 | O56: =SUM(O47:O55) -> 535.46906
A59: Step 1-2 | E59: x_md | F59: x_max | G59: r
C60: A | D60: Agr | E60: {=+'IO_sub_model (4)'!F188:F196} -> 67.410989 | F60: {=+_xlfn.ANCHORARRAY(O5)} -> 66.94568 | G60: =+MIN(F60/E60,1) -> 0.99309743
C61: A | D61: Ind | E61: 52.21978 | F61: 52.269342 | G61: =+MIN(F61/E61,1) -> 1
C62: A | D62: Serv | E62: 44.624176 | F62: 44.666529 | G62: =+MIN(F62/E62,1) -> 1
C63: B | D63: =+D60 -> Agr | E63: 77.854945 | F63: 77.928837 | G63: =+MIN(F63/E63,1) -> 1
C64: B | D64: =+D61 -> Ind | E64: 47.472527 | F64: 47.517584 | G64: =+MIN(F64/E64,1) -> 1
C65: B | D65: =+D62 -> Serv | E65: 52.21978 | F65: 52.269342 | G65: =+MIN(F65/E65,1) -> 1
C66: C | D66: =+D63 -> Agr | E66: 75.006593 | F66: 75.077782 | G66: =+MIN(F66/E66,1) -> 1
C67: C | D67: =+D64 -> Ind | E67: 61.714286 | F67: 61.772859 | G67: =+MIN(F67/E67,1) -> 1
C68: C | D68: =+D65 -> Serv | E68: 56.967033 | F68: 57.021101 | G68: =+MIN(F68/E68,1) -> 1
A70: Step 3 | E70: A | F70: A | G70: A | H70: B | I70: B | J70: B | K70: C | L70: C | M70: C
E71: Agr | F71: Ind | G71: Serv | H71: Agr | I71: Ind | J71: Serv | K71: Agr | L71: Ind | M71: Serv
C72: bottlneck | D72: s | E72: {=+MIN(_xlfn._xlws.FILTER($G$60:$G$68,E21:E29>0))} -> 0.99309743 | F72: {=+MIN(_xlfn._xlws.FILTER($G$60:$G$68,F21:F29>0))} -> 0.99309743 | G72: {=+MIN(_xlfn._xlws.FILTER($G$60:$G$68,G21:G29>0))} -> 0.99309743 | H72: {=+MIN(_xlfn._xlws.FILTER($G$60:$G$68,H21:H29>0))} -> 0.99309743 | I72: {=+MIN(_xlfn._xlws.FILTER($G$60:$G$68,I21:I29>0))} -> 0.99309743 | J72: {=+MIN(_xlfn._xlws.FILTER($G$60:$G$68,J21:J29>0))} -> 0.99309743 | K72: {=+MIN(_xlfn._xlws.FILTER($G$60:$G$68,K21:K29>0))} -> 0.99309743 | L72: {=+MIN(_xlfn._xlws.FILTER($G$60:$G$68,L21:L29>0))} -> 0.99309743 | M72: {=+MIN(_xlfn._xlws.FILTER($G$60:$G$68,M21:M29>0))} -> 0.99309743
C73: supply | D73: 1-p_shock | E73: {=+TRANSPOSE(M47:M55)} -> 1 | F73: 1 | G73: 1 | H73: 1 | I73: 1 | J73: 1 | K73: 1 | L73: 1 | M73: 1
D74: constraint | E74: =+MIN(E72:E73) -> 0.99309743 | F74: =+MIN(F72:F73) -> 0.99309743 | G74: =+MIN(G72:G73) -> 0.99309743 | H74: =+MIN(H72:H73) -> 0.99309743 | I74: =+MIN(I72:I73) -> 0.99309743 | J74: =+MIN(J72:J73) -> 0.99309743 | K74: =+MIN(K72:K73) -> 0.99309743 | L74: =+MIN(L72:L73) -> 0.99309743 | M74: =+MIN(M72:M73) -> 0.99309743
A76: Step 4 | E76: A | F76: A | G76: A | H76: B | I76: B | J76: B | K76: C | L76: C | M76: C
D77: Z_cons | E77: Agr | F77: Ind | G77: Serv | H77: Agr | I77: Ind | J77: Serv | K77: Agr | L77: Ind | M77: Serv
B78: {=+TRANSPOSE(E74:M74)} -> 0.99309743 | C78: A | D78: Agr | E78: =+E5*$B78 -> 7.5447626 | F78: =+F5*$B78 -> 3.9807747 | G78: =+G5*$B78 -> 7.5794485 | H78: =+H5*$B78 -> 1.0721166 | I78: =+I5*$B78 -> 0.42455642 | J78: =+J5*$B78 -> 6.0508221 | K78: =+K5*$B78 -> 2.5582874 | L78: =+L5*$B78 -> 5.5094011 | M78: =+M5*$B78 -> 1.8258159
B79: 0.99309743 | C79: A | D79: Ind | E79: =+E6*$B79 -> 7.0714178 | F79: =+F6*$B79 -> 3.7400601 | G79: =+G6*$B79 -> 7.7680995 | H79: =+H6*$B79 -> 4.88373 | I79: =+I6*$B79 -> 1.9707157 | J79: =+J6*$B79 -> 8.6569555 | K79: =+K6*$B79 -> 2.3097548 | L79: =+L6*$B79 -> 4.8683386 | M79: =+M6*$B79 -> 6.3996043
B80: 0.99309743 | C80: A | D80: Serv | E80: =+E7*$B80 -> 1.3784324 | F80: =+F7*$B80 -> 0.63021814 | G80: =+G7*$B80 -> 0.7202493 | H80: =+H7*$B80 -> 6.5992665 | I80: =+I7*$B80 -> 4.0153797 | J80: =+J7*$B80 -> 3.3851616 | K80: =+K7*$B80 -> 5.9690483 | L80: =+L7*$B80 -> 3.7452862 | M80: =+M7*$B80 -> 6.329173
B81: 0.99309743 | C81: B | D81: =+D78 -> Agr | E81: =+E8*$B81 -> 8.7945894 | F81: =+F8*$B81 -> 5.7937277 | G81: =+G8*$B81 -> 5.306235 | H81: =+H8*$B81 -> 6.8805886 | I81: =+I8*$B81 -> 9.3499459 | J81: =+J8*$B81 -> 8.3030759 | K81: =+K8*$B81 -> 9.3499459 | L81: =+L8*$B81 -> 9.1980796 | M81: =+M8*$B81 -> 8.5268268
B82: 0.99309743 | C82: B | D82: =+D79 -> Ind | E82: =+E9*$B82 -> 4.0041284 | F82: =+F9*$B82 -> 2.2485557 | G82: =+G9*$B82 -> 3.101422 | H82: =+H9*$B82 -> 6.0219031 | I82: =+I9*$B82 -> 6.5490757 | J82: =+J9*$B82 -> 4.062853 | K82: =+K9*$B82 -> 8.6528786 | L82: =+L9*$B82 -> 2.3571202 | M82: =+M9*$B82 -> 7.6914476
B83: 0.99309743 | C83: B | D83: =+D80 -> Serv | E83: =+E10*$B83 -> 5.7294356 | F83: =+F10*$B83 -> 4.2246314 | G83: =+G10*$B83 -> 3.6088754 | H83: =+H10*$B83 -> 2.4300204 | I83: =+I10*$B83 -> 7.6425316 | J83: =+J10*$B83 -> 1.9954129 | K83: =+K10*$B83 -> 1.7616072 | L83: =+L10*$B83 -> 5.2223379 | M83: =+M10*$B83 -> 2.1435576
B84: 0.99309743 | C84: C | D84: =+D81 -> Agr | E84: =+E11*$B84 -> 4.2611946 | F84: =+F11*$B84 -> 9.1013338 | G84: =+G11*$B84 -> 7.8777362 | H84: =+H11*$B84 -> 8.0917555 | I84: =+I11*$B84 -> 9.1013338 | J84: =+J11*$B84 -> 1.6905627 | K84: =+K11*$B84 -> 6.9676028 | L84: =+L11*$B84 -> 8.8873144 | M84: =+M11*$B84 -> 7.5794016
B85: 0.99309743 | C85: C | D85: =+D82 -> Ind | E85: =+E12*$B85 -> 1.7761257 | F85: =+F12*$B85 -> 6.9281613 | G85: =+G12*$B85 -> 1.0536573 | H85: =+H12*$B85 -> 7.9727334 | I85: =+I12*$B85 -> 0.42259273 | J85: =+J12*$B85 -> 1.1905668 | K85: =+K12*$B85 -> 6.9221349 | L85: =+L12*$B85 -> 8.6721129 | M85: =+M12*$B85 -> 1.8065198
B86: 0.99309743 | C86: C | D86: =+D83 -> Serv | E86: =+E13*$B86 -> 8.6161809 | F86: =+F13*$B86 -> 2.109998 | G86: =+G13*$B86 -> 3.6307011 | H86: =+H13*$B86 -> 8.8803211 | I86: =+I13*$B86 -> 1.2768056 | J86: =+J13*$B86 -> 0.58929488 | K86: =+K13*$B86 -> 3.2141049 | L86: =+L13*$B86 -> 0.98215814 | M86: =+M13*$B86 -> 6.4519427
N87: =+SUM(E78:M86) -> 403.99203
D88: {=+TRANSPOSE(E59:F68)} -> x_md | E88: 67.410989 | F88: 52.21978 | G88: 44.624176 | H88: 77.854945 | I88: 47.472527 | J88: 52.21978 | K88: 75.006593 | L88: 61.714286 | M88: 56.967033
D89: x_max | E89: 66.94568 | F89: 52.269342 | G89: 44.666529 | H89: 77.928837 | I89: 47.517584 | J89: 52.269342 | K89: 75.077782 | L89: 61.772859 | M89: 57.021101
E90: =+MIN(E88:E89) -> 66.94568 | F90: =+MIN(F88:F89) -> 52.21978 | G90: =+MIN(G88:G89) -> 44.624176 | H90: =+MIN(H88:H89) -> 77.854945 | I90: =+MIN(I88:I89) -> 47.472527 | J90: =+MIN(J88:J89) -> 52.21978 | K90: =+MIN(K88:K89) -> 75.006593 | L90: =+MIN(L88:L89) -> 61.714286 | M90: =+MIN(M88:M89) -> 56.967033
A92: Step 5 | E92: A | F92: A | G92: A | H92: B | I92: B | J92: B | K92: C | L92: C | M92: C
D93: Z_need | E93: Agr | F93: Ind | G93: Serv | H93: Agr | I93: Ind | J93: Serv | K93: Agr | L93: Ind | M93: Serv
C94: A | D94: Agr | E94: =+E21*E$88 -> 7.6500076 | F94: =+F21*F$88 -> 4.0046424 | G94: =+G21*G$88 -> 7.6248931 | H94: =+H21*H$88 -> 1.0785448 | I94: =+I21*I$88 -> 0.42710196 | J94: =+J21*J$88 -> 6.0871014 | K94: =+K21*K$88 -> 2.5736262 | L94: =+L21*L$88 -> 5.5424341 | M94: =+M21*M$88 -> 1.836763
C95: A | D95: Ind | E95: =+E22*E$88 -> 7.1700599 | F95: =+F22*F$88 -> 3.7624846 | G95: =+G22*G$88 -> 7.8146752 | H95: =+H22*H$88 -> 4.9130116 | I95: =+I22*I$88 -> 1.9825316 | J95: =+J22*J$88 -> 8.7088605 | K95: =+K22*K$88 -> 2.3236035 | L95: =+L22*L$88 -> 4.897528 | M95: =+M22*M$88 -> 6.4379748
C96: A | D96: Serv | E96: =+E23*E$88 -> 1.3976607 | F96: =+F23*F$88 -> 0.63399677 | G96: =+G23*G$88 -> 0.72456774 | H96: =+H23*H$88 -> 6.6388341 | I96: =+I23*I$88 -> 4.0394549 | J96: =+J23*J$88 -> 3.4054582 | K96: =+K23*K$88 -> 6.0048373 | L96: =+L23*L$88 -> 3.767742 | M96: =+M23*M$88 -> 6.3671211
C97: B | D97: =+D94 -> Agr | E97: =+E24*E$88 -> 8.9172688 | F97: =+F24*F$88 -> 5.8284654 | G97: =+G24*G$88 -> 5.3380499 | H97: =+H24*H$88 -> 6.9218429 | I97: =+I24*I$88 -> 9.4060059 | J97: =+J24*J$88 -> 8.3528591 | K97: =+K24*K$88 -> 9.4060059 | L97: =+L24*L$88 -> 9.2532291 | M97: =+M24*M$88 -> 8.5779516
C98: B | D98: =+D95 -> Ind | E98: =+E25*E$88 -> 4.0599836 | F98: =+F25*F$88 -> 2.2620374 | G98: =+G25*G$88 -> 3.1200174 | H98: =+H25*H$88 -> 6.0580089 | I98: =+I25*I$88 -> 6.5883423 | J98: =+J25*J$88 -> 4.0872128 | K98: =+K25*K$88 -> 8.7047591 | L98: =+L25*L$88 -> 2.371253 | M98: =+M25*M$88 -> 7.7375636
C99: B | D99: =+D96 -> Serv | E99: =+E26*E$88 -> 5.8093579 | F99: =+F26*F$88 -> 4.2499613 | G99: =+G26*G$88 -> 3.6305133 | H99: =+H26*H$88 -> 2.4445902 | I99: =+I26*I$88 -> 7.6883543 | J99: =+J26*J$88 -> 2.0073769 | K99: =+K26*K$88 -> 1.7721694 | L99: =+L26*L$88 -> 5.2536497 | M99: =+M26*M$88 -> 2.1564098
C100: C | D100: =+D97 -> Agr | E100: =+E27*E$88 -> 4.3206357 | F100: =+F27*F$88 -> 9.1559031 | G100: =+G27*G$88 -> 7.9249692 | H100: =+H27*H$88 -> 8.1402717 | I100: =+I27*I$88 -> 9.1559031 | J100: =+J27*J$88 -> 1.7006989 | K100: =+K27*K$88 -> 7.0093789 | L100: =+L27*L$88 -> 8.9406006 | M100: =+M27*M$88 -> 7.6248458
C101: C | D101: =+D98 -> Ind | E101: =+E28*E$88 -> 1.8009016 | F101: =+F28*F$88 -> 6.9697008 | G101: =+G28*G$88 -> 1.0599747 | H101: =+H28*H$88 -> 8.020536 | I101: =+I28*I$88 -> 0.4251265 | J101: =+J28*J$88 -> 1.1977051 | K101: =+K28*K$88 -> 6.9636383 | L101: =+L28*L$88 -> 8.7241088 | M101: =+M28*M$88 -> 1.8173513
C102: C | D102: =+D99 -> Serv | E102: =+E29*E$88 -> 8.7363715 | F102: =+F29*F$88 -> 2.122649 | G102: =+G29*G$88 -> 3.6524699 | H102: =+H29*H$88 -> 8.9335654 | I102: =+I29*I$88 -> 1.284461 | J102: =+J29*J$88 -> 0.59282815 | K102: =+K29*K$88 -> 3.2333759 | L102: =+L29*L$88 -> 0.98804692 | M102: =+M29*M$88 -> 6.490627
N103: =+SUM(E94:M102) -> 406.8054
E104: A | F104: A | G104: A | H104: B | I104: B | J104: B | K104: C | L104: C | M104: C
D105: exD | E105: Agr | F105: Ind | G105: Serv | H105: Agr | I105: Ind | J105: Serv | K105: Agr | L105: Ind | M105: Serv
C106: A | D106: Agr | E106: =+MAX(E94-E78,0) -> 0.10524498 | F106: =+MAX(F94-F78,0) -> 0.02386775 | G106: =+MAX(G94-G78,0) -> 0.045444517 | H106: =+MAX(H94-H78,0) -> 0.0064281486 | I106: =+MAX(I94-I78,0) -> 0.0025455363 | J106: =+MAX(J94-J78,0) -> 0.036279248 | K106: =+MAX(K94-K78,0) -> 0.015338865 | L106: =+MAX(L94-L78,0) -> 0.03303302 | M106: =+MAX(M94-M78,0) -> 0.010947145 | N106: =+SUM(E106:M106) -> 0.27912921
C107: A | D107: Ind | E107: =+MAX(E95-E79,0) -> 0.0986421 | F107: =+MAX(F95-F79,0) -> 0.022424485 | G107: =+MAX(G95-G79,0) -> 0.046575622 | H107: =+MAX(H95-H79,0) -> 0.029281649 | I107: =+MAX(I95-I79,0) -> 0.011815929 | J107: =+MAX(J95-J79,0) -> 0.051904985 | K107: =+MAX(K95-K79,0) -> 0.013848724 | L107: =+MAX(L95-L79,0) -> 0.029189366 | M107: =+MAX(M95-M79,0) -> 0.03837046 | N107: =+SUM(E107:M107) -> 0.34205332
C108: A | D108: Serv | E108: =+MAX(E96-E80,0) -> 0.019228317 | F108: =+MAX(F96-F80,0) -> 0.0037786336 | G108: =+MAX(G96-G80,0) -> 0.0043184384 | H108: =+MAX(H96-H80,0) -> 0.039567586 | I108: =+MAX(I96-I80,0) -> 0.024075233 | J108: =+MAX(J96-J80,0) -> 0.0202966 | K108: =+MAX(K96-K80,0) -> 0.035788952 | L108: =+MAX(L96-L80,0) -> 0.022455819 | M108: =+MAX(M96-M80,0) -> 0.037948171 | N108: =+SUM(E108:M108) -> 0.20745775
C109: B | D109: =+D106 -> Agr | E109: =+MAX(E97-E81,0) -> 0.12267933 | F109: =+MAX(F97-F81,0) -> 0.034737772 | G109: =+MAX(G97-G81,0) -> 0.031814885 | H109: =+MAX(H97-H81,0) -> 0.041254324 | I109: =+MAX(I97-I81,0) -> 0.056059986 | J109: =+MAX(J97-J81,0) -> 0.049783209 | K109: =+MAX(K97-K81,0) -> 0.056059986 | L109: =+MAX(L97-L81,0) -> 0.055149433 | M109: =+MAX(M97-M81,0) -> 0.051124765 | N109: =+SUM(E109:M109) -> 0.49866369
C110: B | D110: =+D107 -> Ind | E110: =+MAX(E98-E82,0) -> 0.055855225 | F110: =+MAX(F98-F82,0) -> 0.013481789 | G110: =+MAX(G98-G82,0) -> 0.018595367 | H110: =+MAX(H98-H82,0) -> 0.036105856 | I110: =+MAX(I98-I82,0) -> 0.039266654 | J110: =+MAX(J98-J82,0) -> 0.024359871 | K110: =+MAX(K98-K82,0) -> 0.051880541 | L110: =+MAX(L98-L82,0) -> 0.014132716 | M110: =+MAX(M98-M82,0) -> 0.046116036 | N110: =+SUM(E110:M110) -> 0.29979406
C111: B | D111: =+D108 -> Serv | E111: =+MAX(E99-E83,0) -> 0.079922241 | F111: =+MAX(F99-F83,0) -> 0.025329855 | G111: =+MAX(G99-G83,0) -> 0.021637933 | H111: =+MAX(H99-H83,0) -> 0.014569807 | I111: =+MAX(I99-I83,0) -> 0.045822748 | J111: =+MAX(J99-J83,0) -> 0.011964007 | K111: =+MAX(K99-K83,0) -> 0.010562165 | L111: =+MAX(L99-L83,0) -> 0.031311859 | M111: =+MAX(M99-M83,0) -> 0.012852246 | N111: =+SUM(E111:M111) -> 0.25397286
...
